month,sales,market_share,rank,brand
2025-09-01,313167,0.1386,1.0,比亚迪
2025-10-01,255994,0.1132,1.0,比亚迪
2025-11-01,258892,0.116,1.0,比亚迪
2025-12-01,273133,0.121,1.0,比亚迪
2026-01-01,68585,0.0443,4.0,比亚迪
2026-02-01,68623,0.0663,1.0,比亚迪
2026-03-01,165942,0.0998,1.0,比亚迪
2026-04-01,149606,0.1074,1.0,比亚迪
2026-05-01,164971,0.1084,1.0,比亚迪
2026-06-01,177442,0.1102,1.0,比亚迪
2026-07-01,172449,0.1176,1.0,比亚迪
2026-08-01,183789,0.1188,1.0,比亚迪
2025-09-01,71525,0.1231554660192503,,特斯拉
2025-10-01,26006,0.04477848373710763,,特斯拉
2025-11-01,73145,0.12594486629819032,,特斯拉
2025-12-01,93843,0.16158375949170928,,特斯拉
2026-01-01,18485,0.031828434664324945,,特斯拉
2026-02-01,38206,0.06578507843035969,,特斯拉
2026-03-01,56107,0.096607951512647,,特斯拉
2026-04-01,25956,0.04469239113590578,,特斯拉
2026-05-01,47281,0.08141088554849596,,特斯拉
2026-06-01,52920,0.09112040911204092,,特斯拉
2026-07-01,27249,0.04691874580298569,,特斯拉
2026-08-01,50047,0.08617352824698245,,特斯拉
