date,sales,ad_spend,is_weekend,is_holiday,anomaly_true
2025-09-01,8582,66.6,False,0,False
2025-09-02,9648,199.6,False,0,False
2025-09-03,11980,181.9,False,0,False
2025-09-04,11601,92.6,False,0,False
2025-09-05,10774,175.5,False,0,False
2025-09-06,13400,66.0,True,0,False
2025-09-07,13102,199.9,True,0,False
2025-09-08,11030,149.9,False,0,False
2025-09-09,11642,147.5,False,0,False
2025-09-10,10180,63.6,False,0,False
2025-09-11,10781,184.6,False,0,False
2025-09-12,12197,54.3,False,0,False
2025-09-13,13581,86.1,True,0,False
2025-09-14,12723,71.5,True,0,False
2025-09-15,10454,166.5,False,0,False
2025-09-16,10444,79.7,False,0,False
2025-09-17,11099,186.6,False,0,False
2025-09-18,10478,148.4,False,0,False
2025-09-19,12461,55.4,False,0,False
2025-09-20,13250,50.8,True,0,False
2025-09-21,11580,57.7,True,0,False
2025-09-22,9391,140.9,False,0,False
2025-09-23,11985,170.2,False,0,False
2025-09-24,11041,85.8,False,0,False
2025-09-25,10380,177.4,False,0,False
2025-09-26,11694,58.6,False,0,False
2025-09-27,14546,170.1,True,0,False
2025-09-28,13979,189.2,True,0,False
2025-09-29,12046,165.8,False,0,False
2025-09-30,12253,154.7,False,0,False
2025-10-01,17168,175.7,False,1,False
2025-10-02,14604,56.0,False,1,False
2025-10-03,15692,80.3,False,1,False
2025-10-04,12945,68.7,True,0,False
2025-10-05,12896,125.7,True,0,False
2025-10-06,11468,161.8,False,0,False
2025-10-07,11631,144.5,False,0,False
2025-10-08,11125,177.7,False,0,False
2025-10-09,10447,73.3,False,0,False
2025-10-10,12365,160.2,False,0,False
2025-10-11,14893,79.0,True,0,False
2025-10-12,13139,90.6,True,0,False
2025-10-13,10108,156.5,False,0,False
2025-10-14,12021,197.0,False,0,False
2025-10-15,12047,141.7,False,0,False
2025-10-16,20073,58.2,False,0,True
2025-10-17,12162,142.4,False,0,False
2025-10-18,14291,56.4,True,0,False
2025-10-19,13551,182.6,True,0,False
2025-10-20,11435,156.4,False,0,False
2025-10-21,27233,76.0,False,0,True
2025-10-22,10735,63.8,False,0,False
2025-10-23,8792,77.5,False,0,False
2025-10-24,11723,197.0,False,0,False
2025-10-25,14956,118.8,True,0,False
2025-10-26,13587,167.6,True,0,False
2025-10-27,11320,145.5,False,0,False
2025-10-28,12730,135.9,False,0,False
2025-10-29,10499,71.8,False,0,False
2025-10-30,11310,191.9,False,0,False
2025-10-31,11536,95.2,False,0,False
2025-11-01,14668,136.7,True,0,False
2025-11-02,31982,155.0,True,0,True
2025-11-03,11852,147.4,False,0,False
2025-11-04,12621,191.1,False,0,False
2025-11-05,12116,72.3,False,0,False
2025-11-06,10408,126.3,False,0,False
2025-11-07,11773,110.6,False,0,False
2025-11-08,15265,121.1,True,0,False
2025-11-09,13085,67.9,True,0,False
2025-11-10,9396,70.1,False,0,False
2025-11-11,9857,91.7,False,0,False
2025-11-12,9985,95.7,False,0,False
2025-11-13,10737,114.2,False,0,False
2025-11-14,12361,141.6,False,0,False
2025-11-15,15655,145.2,True,0,False
2025-11-16,13647,111.8,True,0,False
2025-11-17,11096,111.3,False,0,False
2025-11-18,11506,82.6,False,0,False
2025-11-19,10740,138.2,False,0,False
2025-11-20,11059,97.6,False,0,False
2025-11-21,11432,55.4,False,0,False
2025-11-22,13983,112.8,True,0,False
2025-11-23,13136,121.1,True,0,False
2025-11-24,10140,83.8,False,0,False
2025-11-25,11566,135.9,False,0,False
2025-11-26,11105,134.9,False,0,False
2025-11-27,11374,155.3,False,0,False
2025-11-28,13298,147.2,False,0,False
2025-11-29,15912,147.9,True,0,False
2025-11-30,14416,97.4,True,0,False
2025-12-01,11265,168.1,False,0,False
2025-12-02,11807,132.4,False,0,False
2025-12-03,11578,114.7,False,0,False
2025-12-04,10127,143.9,False,0,False
2025-12-05,11755,104.1,False,0,False
2025-12-06,14332,126.9,True,0,False
2025-12-07,13489,160.5,True,0,False
2025-12-08,12258,183.0,False,0,False
2025-12-09,12314,188.2,False,0,False
2025-12-10,12140,125.5,False,0,False
2025-12-11,12212,128.0,False,0,False
2025-12-12,12755,170.0,False,0,False
2025-12-13,16068,97.2,True,0,False
2025-12-14,13659,175.6,True,0,False
2025-12-15,11632,124.1,False,0,False
2025-12-16,11095,67.4,False,0,False
2025-12-17,10391,60.8,False,0,False
2025-12-18,11152,176.3,False,0,False
2025-12-19,11553,58.3,False,0,False
2025-12-20,15016,92.1,True,0,False
2025-12-21,13487,100.1,True,0,False
2025-12-22,10392,75.9,False,0,False
2025-12-23,10253,97.1,False,0,False
2025-12-24,11405,161.4,False,0,False
2025-12-25,10767,52.2,False,0,False
2025-12-26,12651,174.1,False,0,False
2025-12-27,16032,178.5,True,0,False
2025-12-28,15742,105.8,True,0,False
2025-12-29,11048,73.0,False,0,False
2025-12-30,10819,140.1,False,0,False
2025-12-31,11386,68.0,False,0,False
2026-01-01,15239,104.7,False,1,False
2026-01-02,13663,193.8,False,0,False
2026-01-03,17135,199.3,True,0,False
2026-01-04,15717,165.8,True,0,False
2026-01-05,12952,96.6,False,0,False
2026-01-06,11334,153.1,False,0,False
2026-01-07,11705,155.8,False,0,False
2026-01-08,21489,108.2,False,0,True
2026-01-09,12780,146.1,False,0,False
2026-01-10,14543,51.6,True,0,False
2026-01-11,13784,81.4,True,0,False
2026-01-12,10755,128.8,False,0,False
2026-01-13,10738,74.6,False,0,False
2026-01-14,10396,74.9,False,0,False
2026-01-15,11226,175.4,False,0,False
2026-01-16,26296,198.4,False,0,True
2026-01-17,17933,133.4,True,0,False
2026-01-18,16820,175.9,True,0,False
2026-01-19,12886,198.5,False,0,False
2026-01-20,12143,71.2,False,0,False
2026-01-21,10285,117.2,False,0,False
2026-01-22,11266,108.9,False,0,False
2026-01-23,12007,62.0,False,0,False
2026-01-24,15119,163.3,True,0,False
2026-01-25,14168,115.1,True,0,False
2026-01-26,11653,120.4,False,0,False
2026-01-27,12420,72.6,False,0,False
2026-01-28,11177,77.1,False,0,False
2026-01-29,11135,186.1,False,0,False
2026-01-30,12519,56.7,False,0,False
2026-01-31,14232,84.9,True,0,False
2026-02-01,13386,93.8,True,0,False
2026-02-02,11256,123.5,False,0,False
2026-02-03,13240,138.0,False,0,False
2026-02-04,12167,124.0,False,0,False
2026-02-05,11865,62.6,False,0,False
2026-02-06,12039,86.6,False,0,False
2026-02-07,14964,176.5,True,0,False
2026-02-08,14521,145.6,True,0,False
2026-02-09,11939,147.4,False,0,False
2026-02-10,14038,150.5,False,0,False
2026-02-11,12119,164.4,False,0,False
2026-02-12,12266,58.7,False,0,False
2026-02-13,12097,105.0,False,0,False
2026-02-14,16213,130.9,True,0,False
2026-02-15,14754,100.8,True,0,False
2026-02-16,16574,176.7,False,1,False
2026-02-17,17673,122.4,False,1,False
2026-02-18,12119,165.3,False,0,False
2026-02-19,12698,177.8,False,0,False
2026-02-20,13751,125.7,False,0,False
2026-02-21,16019,186.4,True,0,False
2026-02-22,29115,138.1,True,0,True
2026-02-23,12738,177.5,False,0,False
2026-02-24,13805,101.1,False,0,False
2026-02-25,12214,124.8,False,0,False
2026-02-26,11637,129.7,False,0,False
2026-02-27,13259,65.7,False,0,False
2026-02-28,16370,109.8,True,0,False
2026-03-01,14957,187.6,True,0,False
2026-03-02,12436,144.6,False,0,False
2026-03-03,13304,76.6,False,0,False
2026-03-04,11914,100.8,False,0,False
2026-03-05,12043,78.7,False,0,False
2026-03-06,12586,53.7,False,0,False
2026-03-07,15087,189.1,True,0,False
2026-03-08,14403,117.2,True,0,False
2026-03-09,13054,96.1,False,0,False
2026-03-10,13347,139.8,False,0,False
2026-03-11,11747,51.1,False,0,False
2026-03-12,10781,91.7,False,0,False
2026-03-13,13960,155.5,False,0,False
2026-03-14,16046,145.1,True,0,False
2026-03-15,15209,197.3,True,0,False
2026-03-16,13413,143.1,False,0,False
2026-03-17,26517,121.6,False,0,True
2026-03-18,12595,164.2,False,0,False
2026-03-19,12591,185.5,False,0,False
2026-03-20,14759,158.1,False,0,False
2026-03-21,18336,194.5,True,0,False
2026-03-22,16200,167.3,True,0,False
2026-03-23,13590,180.0,False,0,False
2026-03-24,11807,67.1,False,0,False
2026-03-25,12205,159.9,False,0,False
2026-03-26,11561,116.0,False,0,False
2026-03-27,13028,133.0,False,0,False
2026-03-28,16241,148.1,True,0,False
2026-03-29,15625,195.5,True,0,False
2026-03-30,14014,197.7,False,0,False
2026-03-31,12748,93.2,False,0,False
2026-04-01,12644,160.1,False,0,False
2026-04-02,12218,162.5,False,0,False
2026-04-03,13909,102.0,False,0,False
2026-04-04,16852,68.6,True,0,False
2026-04-05,14468,56.1,True,0,False
2026-04-06,12426,166.6,False,0,False
2026-04-07,12825,123.5,False,0,False
2026-04-08,12671,197.8,False,0,False
2026-04-09,12673,119.7,False,0,False
2026-04-10,29007,196.7,False,0,True
2026-04-11,17475,111.7,True,0,False
2026-04-12,15057,169.1,True,0,False
2026-04-13,12414,62.7,False,0,False
2026-04-14,12587,133.3,False,0,False
2026-04-15,14176,170.3,False,0,False
2026-04-16,14168,188.7,False,0,False
2026-04-17,14458,173.4,False,0,False
2026-04-18,16986,55.5,True,0,False
2026-04-19,13871,105.9,True,0,False
2026-04-20,11174,57.3,False,0,False
2026-04-21,11992,66.4,False,0,False
2026-04-22,12643,151.3,False,0,False
2026-04-23,12013,157.0,False,0,False
2026-04-24,14206,166.1,False,0,False
2026-04-25,16499,179.8,True,0,False
2026-04-26,16270,160.9,True,0,False
2026-04-27,12673,170.1,False,0,False
2026-04-28,12840,57.3,False,0,False
2026-04-29,11417,85.2,False,0,False
2026-04-30,11671,143.3,False,0,False
2026-05-01,19032,178.7,False,1,False
2026-05-02,16288,50.7,True,0,False
2026-05-03,16277,127.2,True,0,False
2026-05-04,11631,151.6,False,0,False
2026-05-05,12222,54.4,False,0,False
2026-05-06,13151,110.2,False,0,False
2026-05-07,14012,184.3,False,0,False
2026-05-08,14046,150.7,False,0,False
2026-05-09,17125,85.6,True,0,False
2026-05-10,15821,177.9,True,0,False
2026-05-11,13849,102.2,False,0,False
2026-05-12,12799,178.0,False,0,False
2026-05-13,12906,94.8,False,0,False
2026-05-14,12858,138.5,False,0,False
2026-05-15,14309,109.5,False,0,False
2026-05-16,16643,91.2,True,0,False
2026-05-17,15532,183.0,True,0,False
2026-05-18,19536,78.1,False,0,True
2026-05-19,12397,62.7,False,0,False
2026-05-20,11742,101.3,False,0,False
2026-05-21,12305,157.6,False,0,False
2026-05-22,14368,171.1,False,0,False
2026-05-23,18578,199.8,True,0,False
2026-05-24,17096,94.5,True,0,False
2026-05-25,12697,111.2,False,0,False
2026-05-26,12835,70.5,False,0,False
2026-05-27,12412,136.2,False,0,False
2026-05-28,12855,199.6,False,0,False
2026-05-29,14798,155.1,False,0,False
2026-05-30,18214,139.3,True,0,False
2026-05-31,15922,108.9,True,0,False
2026-06-01,19400,187.3,False,1,False
2026-06-02,14771,124.5,False,0,False
2026-06-03,13119,70.2,False,0,False
2026-06-04,11440,104.8,False,0,False
2026-06-05,12847,60.1,False,0,False
2026-06-06,17139,80.3,True,0,False
2026-06-07,14906,52.7,True,0,False
2026-06-08,12151,118.0,False,0,False
2026-06-09,27520,145.2,False,0,True
2026-06-10,13620,101.5,False,0,False
2026-06-11,12672,113.1,False,0,False
2026-06-12,13925,193.9,False,0,False
2026-06-13,18091,162.8,True,0,False
2026-06-14,16813,131.1,True,0,False
2026-06-15,12915,92.7,False,0,False
2026-06-16,13276,184.5,False,0,False
2026-06-17,13255,85.3,False,0,False
2026-06-18,12215,98.8,False,0,False
2026-06-19,14497,186.4,False,0,False
2026-06-20,19008,129.4,True,0,False
2026-06-21,15007,161.3,True,0,False
2026-06-22,13244,138.6,False,0,False
2026-06-23,13978,148.0,False,0,False
2026-06-24,13430,94.9,False,0,False
2026-06-25,12074,86.2,False,0,False
2026-06-26,12802,98.4,False,0,False
2026-06-27,17138,73.3,True,0,False
2026-06-28,16864,181.1,True,0,False
2026-06-29,12220,92.5,False,0,False
2026-06-30,13987,134.2,False,0,False
2026-07-01,13235,168.8,False,0,False
2026-07-02,13489,167.6,False,0,False
2026-07-03,14505,115.8,False,0,False
2026-07-04,17613,121.4,True,0,False
2026-07-05,17342,199.2,True,0,False
2026-07-06,14273,151.2,False,0,False
2026-07-07,15455,172.2,False,0,False
2026-07-08,14912,185.4,False,0,False
2026-07-09,14167,168.1,False,0,False
2026-07-10,16093,77.8,False,0,False
2026-07-11,17860,134.3,True,0,False
2026-07-12,16307,65.3,True,0,False
2026-07-13,12496,147.9,False,0,False
2026-07-14,14075,193.3,False,0,False
2026-07-15,13693,126.9,False,0,False
2026-07-16,13734,114.9,False,0,False
2026-07-17,13506,55.4,False,0,False
2026-07-18,18071,194.0,True,0,False
2026-07-19,16279,65.5,True,0,False
2026-07-20,13124,56.2,False,0,False
2026-07-21,12991,86.9,False,0,False
2026-07-22,13429,59.8,False,0,False
2026-07-23,12559,118.3,False,0,False
2026-07-24,13533,127.4,False,0,False
2026-07-25,17796,96.9,True,0,False
2026-07-26,15035,57.6,True,0,False
2026-07-27,11765,66.7,False,0,False
2026-07-28,13707,107.7,False,0,False
2026-07-29,13023,59.1,False,0,False
2026-07-30,12052,154.7,False,0,False
2026-07-31,14018,81.1,False,0,False
2026-08-01,17612,95.3,True,0,False
2026-08-02,15191,109.1,True,0,False
2026-08-03,27920,112.5,False,0,True
2026-08-04,13366,50.2,False,0,False
2026-08-05,13048,66.8,False,0,False
2026-08-06,22978,179.4,False,0,True
2026-08-07,13410,50.2,False,0,False
2026-08-08,17835,126.2,True,0,False
2026-08-09,16311,123.4,True,0,False
2026-08-10,13414,100.0,False,0,False
2026-08-11,14528,114.7,False,0,False
2026-08-12,12372,167.1,False,0,False
2026-08-13,13467,176.2,False,0,False
2026-08-14,15808,89.1,False,0,False
2026-08-15,16995,98.4,True,0,False
2026-08-16,16883,86.4,True,0,False
2026-08-17,13095,122.0,False,0,False
2026-08-18,14426,152.5,False,0,False
2026-08-19,13295,84.2,False,0,False
2026-08-20,13229,99.6,False,0,False
2026-08-21,15667,189.6,False,0,False
2026-08-22,18620,57.3,True,0,False
2026-08-23,16401,119.1,True,0,False
2026-08-24,13465,156.7,False,0,False
2026-08-25,13459,72.6,False,0,False
2026-08-26,12785,57.1,False,0,False
2026-08-27,11942,70.7,False,0,False
2026-08-28,14914,187.8,False,0,False
2026-08-29,18995,51.4,True,0,False
2026-08-30,15389,78.2,True,0,False
2026-08-31,12241,54.7,False,0,False
