month,model,region,channel,sales,market_share
2025-09-01,秦PLUS,华东,线上直营,4850,0.1386
2025-09-01,秦PLUS,华东,经销商,6511,0.1386
2025-09-01,秦PLUS,华东,商超店,3011,0.1386
2025-09-01,秦PLUS,华东,大客户,1187,0.1386
2025-09-01,秦PLUS,华南,线上直营,3139,0.1386
2025-09-01,秦PLUS,华南,经销商,4999,0.1386
2025-09-01,秦PLUS,华南,商超店,2255,0.1386
2025-09-01,秦PLUS,华南,大客户,846,0.1386
2025-09-01,秦PLUS,华北,线上直营,2702,0.1386
2025-09-01,秦PLUS,华北,经销商,3781,0.1386
2025-09-01,秦PLUS,华北,商超店,1737,0.1386
2025-09-01,秦PLUS,华北,大客户,670,0.1386
2025-09-01,秦PLUS,华中,线上直营,2040,0.1386
2025-09-01,秦PLUS,华中,经销商,3318,0.1386
2025-09-01,秦PLUS,华中,商超店,1263,0.1386
2025-09-01,秦PLUS,华中,大客户,440,0.1386
2025-09-01,秦PLUS,西南,线上直营,1915,0.1386
2025-09-01,秦PLUS,西南,经销商,2576,0.1386
2025-09-01,秦PLUS,西南,商超店,1194,0.1386
2025-09-01,秦PLUS,西南,大客户,432,0.1386
2025-09-01,秦PLUS,西北,线上直营,999,0.1386
2025-09-01,秦PLUS,西北,经销商,1439,0.1386
2025-09-01,秦PLUS,西北,商超店,668,0.1386
2025-09-01,秦PLUS,西北,大客户,233,0.1386
2025-09-01,秦PLUS,东北,线上直营,816,0.1386
2025-09-01,秦PLUS,东北,经销商,1232,0.1386
2025-09-01,秦PLUS,东北,商超店,528,0.1386
2025-09-01,秦PLUS,东北,大客户,203,0.1386
2025-09-01,海豚,华东,线上直营,3804,0.1386
2025-09-01,海豚,华东,经销商,5714,0.1386
2025-09-01,海豚,华东,商超店,2588,0.1386
2025-09-01,海豚,华东,大客户,831,0.1386
2025-09-01,海豚,华南,线上直营,2775,0.1386
2025-09-01,海豚,华南,经销商,4057,0.1386
2025-09-01,海豚,华南,商超店,1821,0.1386
2025-09-01,海豚,华南,大客户,736,0.1386
2025-09-01,海豚,华北,线上直营,2085,0.1386
2025-09-01,海豚,华北,经销商,2944,0.1386
2025-09-01,海豚,华北,商超店,1179,0.1386
2025-09-01,海豚,华北,大客户,516,0.1386
2025-09-01,海豚,华中,线上直营,1672,0.1386
2025-09-01,海豚,华中,经销商,2470,0.1386
2025-09-01,海豚,华中,商超店,896,0.1386
2025-09-01,海豚,华中,大客户,375,0.1386
2025-09-01,海豚,西南,线上直营,1460,0.1386
2025-09-01,海豚,西南,经销商,2208,0.1386
2025-09-01,海豚,西南,商超店,928,0.1386
2025-09-01,海豚,西南,大客户,343,0.1386
2025-09-01,海豚,西北,线上直营,832,0.1386
2025-09-01,海豚,西北,经销商,1190,0.1386
2025-09-01,海豚,西北,商超店,484,0.1386
2025-09-01,海豚,西北,大客户,193,0.1386
2025-09-01,海豚,东北,线上直营,580,0.1386
2025-09-01,海豚,东北,经销商,961,0.1386
2025-09-01,海豚,东北,商超店,379,0.1386
2025-09-01,海豚,东北,大客户,145,0.1386
2025-09-01,海鸥,华东,线上直营,3344,0.1386
2025-09-01,海鸥,华东,经销商,5743,0.1386
2025-09-01,海鸥,华东,商超店,1909,0.1386
2025-09-01,海鸥,华东,大客户,859,0.1386
2025-09-01,海鸥,华南,线上直营,2325,0.1386
2025-09-01,海鸥,华南,经销商,3922,0.1386
2025-09-01,海鸥,华南,商超店,1633,0.1386
2025-09-01,海鸥,华南,大客户,656,0.1386
2025-09-01,海鸥,华北,线上直营,2065,0.1386
2025-09-01,海鸥,华北,经销商,3117,0.1386
2025-09-01,海鸥,华北,商超店,1139,0.1386
2025-09-01,海鸥,华北,大客户,439,0.1386
2025-09-01,海鸥,华中,线上直营,1566,0.1386
2025-09-01,海鸥,华中,经销商,2164,0.1386
2025-09-01,海鸥,华中,商超店,789,0.1386
2025-09-01,海鸥,华中,大客户,310,0.1386
2025-09-01,海鸥,西南,线上直营,1244,0.1386
2025-09-01,海鸥,西南,经销商,2095,0.1386
2025-09-01,海鸥,西南,商超店,815,0.1386
2025-09-01,海鸥,西南,大客户,330,0.1386
2025-09-01,海鸥,西北,线上直营,707,0.1386
2025-09-01,海鸥,西北,经销商,1113,0.1386
2025-09-01,海鸥,西北,商超店,461,0.1386
2025-09-01,海鸥,西北,大客户,166,0.1386
2025-09-01,海鸥,东北,线上直营,632,0.1386
2025-09-01,海鸥,东北,经销商,867,0.1386
2025-09-01,海鸥,东北,商超店,355,0.1386
2025-09-01,海鸥,东北,大客户,138,0.1386
2025-09-01,宋Pro,华东,线上直营,2854,0.1386
2025-09-01,宋Pro,华东,经销商,4919,0.1386
2025-09-01,宋Pro,华东,商超店,1822,0.1386
2025-09-01,宋Pro,华东,大客户,737,0.1386
2025-09-01,宋Pro,华南,线上直营,2575,0.1386
2025-09-01,宋Pro,华南,经销商,3853,0.1386
2025-09-01,宋Pro,华南,商超店,1567,0.1386
2025-09-01,宋Pro,华南,大客户,574,0.1386
2025-09-01,宋Pro,华北,线上直营,1742,0.1386
2025-09-01,宋Pro,华北,经销商,2688,0.1386
2025-09-01,宋Pro,华北,商超店,936,0.1386
2025-09-01,宋Pro,华北,大客户,372,0.1386
2025-09-01,宋Pro,华中,线上直营,1209,0.1386
2025-09-01,宋Pro,华中,经销商,1867,0.1386
2025-09-01,宋Pro,华中,商超店,837,0.1386
2025-09-01,宋Pro,华中,大客户,292,0.1386
2025-09-01,宋Pro,西南,线上直营,1202,0.1386
2025-09-01,宋Pro,西南,经销商,2053,0.1386
2025-09-01,宋Pro,西南,商超店,722,0.1386
2025-09-01,宋Pro,西南,大客户,306,0.1386
2025-09-01,宋Pro,西北,线上直营,625,0.1386
2025-09-01,宋Pro,西北,经销商,997,0.1386
2025-09-01,宋Pro,西北,商超店,375,0.1386
2025-09-01,宋Pro,西北,大客户,153,0.1386
2025-09-01,宋Pro,东北,线上直营,601,0.1386
2025-09-01,宋Pro,东北,经销商,728,0.1386
2025-09-01,宋Pro,东北,商超店,349,0.1386
2025-09-01,宋Pro,东北,大客户,134,0.1386
2025-09-01,海豹06,华东,线上直营,2756,0.1386
2025-09-01,海豹06,华东,经销商,3838,0.1386
2025-09-01,海豹06,华东,商超店,1746,0.1386
2025-09-01,海豹06,华东,大客户,646,0.1386
2025-09-01,海豹06,华南,线上直营,2315,0.1386
2025-09-01,海豹06,华南,经销商,3416,0.1386
2025-09-01,海豹06,华南,商超店,1538,0.1386
2025-09-01,海豹06,华南,大客户,520,0.1386
2025-09-01,海豹06,华北,线上直营,1518,0.1386
2025-09-01,海豹06,华北,经销商,2515,0.1386
2025-09-01,海豹06,华北,商超店,1009,0.1386
2025-09-01,海豹06,华北,大客户,427,0.1386
2025-09-01,海豹06,华中,线上直营,1322,0.1386
2025-09-01,海豹06,华中,经销商,1913,0.1386
2025-09-01,海豹06,华中,商超店,831,0.1386
2025-09-01,海豹06,华中,大客户,261,0.1386
2025-09-01,海豹06,西南,线上直营,1078,0.1386
2025-09-01,海豹06,西南,经销商,1578,0.1386
2025-09-01,海豹06,西南,商超店,660,0.1386
2025-09-01,海豹06,西南,大客户,236,0.1386
2025-09-01,海豹06,西北,线上直营,651,0.1386
2025-09-01,海豹06,西北,经销商,913,0.1386
2025-09-01,海豹06,西北,商超店,328,0.1386
2025-09-01,海豹06,西北,大客户,132,0.1386
2025-09-01,海豹06,东北,线上直营,529,0.1386
2025-09-01,海豹06,东北,经销商,827,0.1386
2025-09-01,海豹06,东北,商超店,359,0.1386
2025-09-01,海豹06,东北,大客户,148,0.1386
2025-09-01,元UP,华东,线上直营,3261,0.1386
2025-09-01,元UP,华东,经销商,4360,0.1386
2025-09-01,元UP,华东,商超店,1570,0.1386
2025-09-01,元UP,华东,大客户,752,0.1386
2025-09-01,元UP,华南,线上直营,2318,0.1386
2025-09-01,元UP,华南,经销商,3596,0.1386
2025-09-01,元UP,华南,商超店,1415,0.1386
2025-09-01,元UP,华南,大客户,572,0.1386
2025-09-01,元UP,华北,线上直营,1957,0.1386
2025-09-01,元UP,华北,经销商,2739,0.1386
2025-09-01,元UP,华北,商超店,1068,0.1386
2025-09-01,元UP,华北,大客户,386,0.1386
2025-09-01,元UP,华中,线上直营,1171,0.1386
2025-09-01,元UP,华中,经销商,1950,0.1386
2025-09-01,元UP,华中,商超店,808,0.1386
2025-09-01,元UP,华中,大客户,360,0.1386
2025-09-01,元UP,西南,线上直营,1253,0.1386
2025-09-01,元UP,西南,经销商,2006,0.1386
2025-09-01,元UP,西南,商超店,714,0.1386
2025-09-01,元UP,西南,大客户,261,0.1386
2025-09-01,元UP,西北,线上直营,624,0.1386
2025-09-01,元UP,西北,经销商,955,0.1386
2025-09-01,元UP,西北,商超店,474,0.1386
2025-09-01,元UP,西北,大客户,147,0.1386
2025-09-01,元UP,东北,线上直营,601,0.1386
2025-09-01,元UP,东北,经销商,784,0.1386
2025-09-01,元UP,东北,商超店,363,0.1386
2025-09-01,元UP,东北,大客户,135,0.1386
2025-09-01,海狮06,华东,线上直营,2857,0.1386
2025-09-01,海狮06,华东,经销商,4326,0.1386
2025-09-01,海狮06,华东,商超店,1645,0.1386
2025-09-01,海狮06,华东,大客户,699,0.1386
2025-09-01,海狮06,华南,线上直营,2190,0.1386
2025-09-01,海狮06,华南,经销商,3076,0.1386
2025-09-01,海狮06,华南,商超店,1224,0.1386
2025-09-01,海狮06,华南,大客户,537,0.1386
2025-09-01,海狮06,华北,线上直营,1862,0.1386
2025-09-01,海狮06,华北,经销商,2512,0.1386
2025-09-01,海狮06,华北,商超店,982,0.1386
2025-09-01,海狮06,华北,大客户,394,0.1386
2025-09-01,海狮06,华中,线上直营,1369,0.1386
2025-09-01,海狮06,华中,经销商,1892,0.1386
2025-09-01,海狮06,华中,商超店,719,0.1386
2025-09-01,海狮06,华中,大客户,314,0.1386
2025-09-01,海狮06,西南,线上直营,1175,0.1386
2025-09-01,海狮06,西南,经销商,1914,0.1386
2025-09-01,海狮06,西南,商超店,692,0.1386
2025-09-01,海狮06,西南,大客户,239,0.1386
2025-09-01,海狮06,西北,线上直营,552,0.1386
2025-09-01,海狮06,西北,经销商,1052,0.1386
2025-09-01,海狮06,西北,商超店,423,0.1386
2025-09-01,海狮06,西北,大客户,142,0.1386
2025-09-01,海狮06,东北,线上直营,500,0.1386
2025-09-01,海狮06,东北,经销商,865,0.1386
2025-09-01,海狮06,东北,商超店,282,0.1386
2025-09-01,海狮06,东北,大客户,111,0.1386
2025-09-01,汉,华东,线上直营,2489,0.1386
2025-09-01,汉,华东,经销商,3439,0.1386
2025-09-01,汉,华东,商超店,1419,0.1386
2025-09-01,汉,华东,大客户,545,0.1386
2025-09-01,汉,华南,线上直营,1910,0.1386
2025-09-01,汉,华南,经销商,3104,0.1386
2025-09-01,汉,华南,商超店,1124,0.1386
2025-09-01,汉,华南,大客户,456,0.1386
2025-09-01,汉,华北,线上直营,1130,0.1386
2025-09-01,汉,华北,经销商,2021,0.1386
2025-09-01,汉,华北,商超店,756,0.1386
2025-09-01,汉,华北,大客户,284,0.1386
2025-09-01,汉,华中,线上直营,943,0.1386
2025-09-01,汉,华中,经销商,1481,0.1386
2025-09-01,汉,华中,商超店,653,0.1386
2025-09-01,汉,华中,大客户,211,0.1386
2025-09-01,汉,西南,线上直营,932,0.1386
2025-09-01,汉,西南,经销商,1341,0.1386
2025-09-01,汉,西南,商超店,543,0.1386
2025-09-01,汉,西南,大客户,234,0.1386
2025-09-01,汉,西北,线上直营,529,0.1386
2025-09-01,汉,西北,经销商,842,0.1386
2025-09-01,汉,西北,商超店,300,0.1386
2025-09-01,汉,西北,大客户,111,0.1386
2025-09-01,汉,东北,线上直营,415,0.1386
2025-09-01,汉,东北,经销商,646,0.1386
2025-09-01,汉,东北,商超店,257,0.1386
2025-09-01,汉,东北,大客户,90,0.1386
2025-10-01,秦PLUS,华东,线上直营,3898,0.1132
2025-10-01,秦PLUS,华东,经销商,5911,0.1132
2025-10-01,秦PLUS,华东,商超店,2790,0.1132
2025-10-01,秦PLUS,华东,大客户,1038,0.1132
2025-10-01,秦PLUS,华南,线上直营,2833,0.1132
2025-10-01,秦PLUS,华南,经销商,4456,0.1132
2025-10-01,秦PLUS,华南,商超店,1611,0.1132
2025-10-01,秦PLUS,华南,大客户,676,0.1132
2025-10-01,秦PLUS,华北,线上直营,2267,0.1132
2025-10-01,秦PLUS,华北,经销商,3637,0.1132
2025-10-01,秦PLUS,华北,商超店,1249,0.1132
2025-10-01,秦PLUS,华北,大客户,489,0.1132
2025-10-01,秦PLUS,华中,线上直营,1373,0.1132
2025-10-01,秦PLUS,华中,经销商,2455,0.1132
2025-10-01,秦PLUS,华中,商超店,910,0.1132
2025-10-01,秦PLUS,华中,大客户,370,0.1132
2025-10-01,秦PLUS,西南,线上直营,1413,0.1132
2025-10-01,秦PLUS,西南,经销商,2263,0.1132
2025-10-01,秦PLUS,西南,商超店,784,0.1132
2025-10-01,秦PLUS,西南,大客户,313,0.1132
2025-10-01,秦PLUS,西北,线上直营,970,0.1132
2025-10-01,秦PLUS,西北,经销商,1115,0.1132
2025-10-01,秦PLUS,西北,商超店,453,0.1132
2025-10-01,秦PLUS,西北,大客户,221,0.1132
2025-10-01,秦PLUS,东北,线上直营,851,0.1132
2025-10-01,秦PLUS,东北,经销商,939,0.1132
2025-10-01,秦PLUS,东北,商超店,402,0.1132
2025-10-01,秦PLUS,东北,大客户,165,0.1132
2025-10-01,海豚,华东,线上直营,3426,0.1132
2025-10-01,海豚,华东,经销商,4159,0.1132
2025-10-01,海豚,华东,商超店,1770,0.1132
2025-10-01,海豚,华东,大客户,746,0.1132
2025-10-01,海豚,华南,线上直营,2447,0.1132
2025-10-01,海豚,华南,经销商,3441,0.1132
2025-10-01,海豚,华南,商超店,1404,0.1132
2025-10-01,海豚,华南,大客户,491,0.1132
2025-10-01,海豚,华北,线上直营,1687,0.1132
2025-10-01,海豚,华北,经销商,2525,0.1132
2025-10-01,海豚,华北,商超店,1051,0.1132
2025-10-01,海豚,华北,大客户,383,0.1132
2025-10-01,海豚,华中,线上直营,1338,0.1132
2025-10-01,海豚,华中,经销商,2092,0.1132
2025-10-01,海豚,华中,商超店,783,0.1132
2025-10-01,海豚,华中,大客户,309,0.1132
2025-10-01,海豚,西南,线上直营,1187,0.1132
2025-10-01,海豚,西南,经销商,1774,0.1132
2025-10-01,海豚,西南,商超店,668,0.1132
2025-10-01,海豚,西南,大客户,282,0.1132
2025-10-01,海豚,西北,线上直营,640,0.1132
2025-10-01,海豚,西北,经销商,1129,0.1132
2025-10-01,海豚,西北,商超店,435,0.1132
2025-10-01,海豚,西北,大客户,155,0.1132
2025-10-01,海豚,东北,线上直营,504,0.1132
2025-10-01,海豚,东北,经销商,734,0.1132
2025-10-01,海豚,东北,商超店,353,0.1132
2025-10-01,海豚,东北,大客户,128,0.1132
2025-10-01,海鸥,华东,线上直营,2902,0.1132
2025-10-01,海鸥,华东,经销商,3607,0.1132
2025-10-01,海鸥,华东,商超店,1801,0.1132
2025-10-01,海鸥,华东,大客户,675,0.1132
2025-10-01,海鸥,华南,线上直营,2001,0.1132
2025-10-01,海鸥,华南,经销商,3170,0.1132
2025-10-01,海鸥,华南,商超店,1345,0.1132
2025-10-01,海鸥,华南,大客户,514,0.1132
2025-10-01,海鸥,华北,线上直营,1560,0.1132
2025-10-01,海鸥,华北,经销商,2376,0.1132
2025-10-01,海鸥,华北,商超店,939,0.1132
2025-10-01,海鸥,华北,大客户,377,0.1132
2025-10-01,海鸥,华中,线上直营,1339,0.1132
2025-10-01,海鸥,华中,经销商,1428,0.1132
2025-10-01,海鸥,华中,商超店,705,0.1132
2025-10-01,海鸥,华中,大客户,283,0.1132
2025-10-01,海鸥,西南,线上直营,1124,0.1132
2025-10-01,海鸥,西南,经销商,1598,0.1132
2025-10-01,海鸥,西南,商超店,566,0.1132
2025-10-01,海鸥,西南,大客户,262,0.1132
2025-10-01,海鸥,西北,线上直营,681,0.1132
2025-10-01,海鸥,西北,经销商,788,0.1132
2025-10-01,海鸥,西北,商超店,384,0.1132
2025-10-01,海鸥,西北,大客户,136,0.1132
2025-10-01,海鸥,东北,线上直营,496,0.1132
2025-10-01,海鸥,东北,经销商,685,0.1132
2025-10-01,海鸥,东北,商超店,291,0.1132
2025-10-01,海鸥,东北,大客户,128,0.1132
2025-10-01,宋Pro,华东,线上直营,2700,0.1132
2025-10-01,宋Pro,华东,经销商,4407,0.1132
2025-10-01,宋Pro,华东,商超店,1694,0.1132
2025-10-01,宋Pro,华东,大客户,623,0.1132
2025-10-01,宋Pro,华南,线上直营,2310,0.1132
2025-10-01,宋Pro,华南,经销商,3148,0.1132
2025-10-01,宋Pro,华南,商超店,1297,0.1132
2025-10-01,宋Pro,华南,大客户,461,0.1132
2025-10-01,宋Pro,华北,线上直营,1482,0.1132
2025-10-01,宋Pro,华北,经销商,2088,0.1132
2025-10-01,宋Pro,华北,商超店,954,0.1132
2025-10-01,宋Pro,华北,大客户,311,0.1132
2025-10-01,宋Pro,华中,线上直营,1175,0.1132
2025-10-01,宋Pro,华中,经销商,1633,0.1132
2025-10-01,宋Pro,华中,商超店,725,0.1132
2025-10-01,宋Pro,华中,大客户,273,0.1132
2025-10-01,宋Pro,西南,线上直营,1161,0.1132
2025-10-01,宋Pro,西南,经销商,1609,0.1132
2025-10-01,宋Pro,西南,商超店,531,0.1132
2025-10-01,宋Pro,西南,大客户,235,0.1132
2025-10-01,宋Pro,西北,线上直营,501,0.1132
2025-10-01,宋Pro,西北,经销商,795,0.1132
2025-10-01,宋Pro,西北,商超店,371,0.1132
2025-10-01,宋Pro,西北,大客户,135,0.1132
2025-10-01,宋Pro,东北,线上直营,435,0.1132
2025-10-01,宋Pro,东北,经销商,635,0.1132
2025-10-01,宋Pro,东北,商超店,277,0.1132
2025-10-01,宋Pro,东北,大客户,97,0.1132
2025-10-01,海豹06,华东,线上直营,2238,0.1132
2025-10-01,海豹06,华东,经销商,3636,0.1132
2025-10-01,海豹06,华东,商超店,1550,0.1132
2025-10-01,海豹06,华东,大客户,578,0.1132
2025-10-01,海豹06,华南,线上直营,1517,0.1132
2025-10-01,海豹06,华南,经销商,2855,0.1132
2025-10-01,海豹06,华南,商超店,1121,0.1132
2025-10-01,海豹06,华南,大客户,448,0.1132
2025-10-01,海豹06,华北,线上直营,1526,0.1132
2025-10-01,海豹06,华北,经销商,1692,0.1132
2025-10-01,海豹06,华北,商超店,772,0.1132
2025-10-01,海豹06,华北,大客户,330,0.1132
2025-10-01,海豹06,华中,线上直营,885,0.1132
2025-10-01,海豹06,华中,经销商,1700,0.1132
2025-10-01,海豹06,华中,商超店,626,0.1132
2025-10-01,海豹06,华中,大客户,252,0.1132
2025-10-01,海豹06,西南,线上直营,886,0.1132
2025-10-01,海豹06,西南,经销商,1484,0.1132
2025-10-01,海豹06,西南,商超店,605,0.1132
2025-10-01,海豹06,西南,大客户,220,0.1132
2025-10-01,海豹06,西北,线上直营,516,0.1132
2025-10-01,海豹06,西北,经销商,776,0.1132
2025-10-01,海豹06,西北,商超店,283,0.1132
2025-10-01,海豹06,西北,大客户,116,0.1132
2025-10-01,海豹06,东北,线上直营,417,0.1132
2025-10-01,海豹06,东北,经销商,653,0.1132
2025-10-01,海豹06,东北,商超店,273,0.1132
2025-10-01,海豹06,东北,大客户,90,0.1132
2025-10-01,元UP,华东,线上直营,2554,0.1132
2025-10-01,元UP,华东,经销商,4329,0.1132
2025-10-01,元UP,华东,商超店,1456,0.1132
2025-10-01,元UP,华东,大客户,562,0.1132
2025-10-01,元UP,华南,线上直营,2060,0.1132
2025-10-01,元UP,华南,经销商,3246,0.1132
2025-10-01,元UP,华南,商超店,1217,0.1132
2025-10-01,元UP,华南,大客户,523,0.1132
2025-10-01,元UP,华北,线上直营,1575,0.1132
2025-10-01,元UP,华北,经销商,2360,0.1132
2025-10-01,元UP,华北,商超店,923,0.1132
2025-10-01,元UP,华北,大客户,408,0.1132
2025-10-01,元UP,华中,线上直营,1087,0.1132
2025-10-01,元UP,华中,经销商,1392,0.1132
2025-10-01,元UP,华中,商超店,748,0.1132
2025-10-01,元UP,华中,大客户,248,0.1132
2025-10-01,元UP,西南,线上直营,1022,0.1132
2025-10-01,元UP,西南,经销商,1679,0.1132
2025-10-01,元UP,西南,商超店,530,0.1132
2025-10-01,元UP,西南,大客户,212,0.1132
2025-10-01,元UP,西北,线上直营,482,0.1132
2025-10-01,元UP,西北,经销商,776,0.1132
2025-10-01,元UP,西北,商超店,343,0.1132
2025-10-01,元UP,西北,大客户,134,0.1132
2025-10-01,元UP,东北,线上直营,470,0.1132
2025-10-01,元UP,东北,经销商,613,0.1132
2025-10-01,元UP,东北,商超店,225,0.1132
2025-10-01,元UP,东北,大客户,107,0.1132
2025-10-01,海狮06,华东,线上直营,2276,0.1132
2025-10-01,海狮06,华东,经销商,3678,0.1132
2025-10-01,海狮06,华东,商超店,1498,0.1132
2025-10-01,海狮06,华东,大客户,558,0.1132
2025-10-01,海狮06,华南,线上直营,1971,0.1132
2025-10-01,海狮06,华南,经销商,2838,0.1132
2025-10-01,海狮06,华南,商超店,1162,0.1132
2025-10-01,海狮06,华南,大客户,409,0.1132
2025-10-01,海狮06,华北,线上直营,1332,0.1132
2025-10-01,海狮06,华北,经销商,2059,0.1132
2025-10-01,海狮06,华北,商超店,864,0.1132
2025-10-01,海狮06,华北,大客户,305,0.1132
2025-10-01,海狮06,华中,线上直营,1056,0.1132
2025-10-01,海狮06,华中,经销商,1488,0.1132
2025-10-01,海狮06,华中,商超店,602,0.1132
2025-10-01,海狮06,华中,大客户,252,0.1132
2025-10-01,海狮06,西南,线上直营,781,0.1132
2025-10-01,海狮06,西南,经销商,1249,0.1132
2025-10-01,海狮06,西南,商超店,491,0.1132
2025-10-01,海狮06,西南,大客户,176,0.1132
2025-10-01,海狮06,西北,线上直营,479,0.1132
2025-10-01,海狮06,西北,经销商,805,0.1132
2025-10-01,海狮06,西北,商超店,297,0.1132
2025-10-01,海狮06,西北,大客户,120,0.1132
2025-10-01,海狮06,东北,线上直营,459,0.1132
2025-10-01,海狮06,东北,经销商,700,0.1132
2025-10-01,海狮06,东北,商超店,252,0.1132
2025-10-01,海狮06,东北,大客户,109,0.1132
2025-10-01,汉,华东,线上直营,1949,0.1132
2025-10-01,汉,华东,经销商,2708,0.1132
2025-10-01,汉,华东,商超店,1105,0.1132
2025-10-01,汉,华东,大客户,398,0.1132
2025-10-01,汉,华南,线上直营,1412,0.1132
2025-10-01,汉,华南,经销商,2215,0.1132
2025-10-01,汉,华南,商超店,971,0.1132
2025-10-01,汉,华南,大客户,403,0.1132
2025-10-01,汉,华北,线上直营,983,0.1132
2025-10-01,汉,华北,经销商,1710,0.1132
2025-10-01,汉,华北,商超店,608,0.1132
2025-10-01,汉,华北,大客户,267,0.1132
2025-10-01,汉,华中,线上直营,820,0.1132
2025-10-01,汉,华中,经销商,1061,0.1132
2025-10-01,汉,华中,商超店,534,0.1132
2025-10-01,汉,华中,大客户,184,0.1132
2025-10-01,汉,西南,线上直营,727,0.1132
2025-10-01,汉,西南,经销商,1042,0.1132
2025-10-01,汉,西南,商超店,432,0.1132
2025-10-01,汉,西南,大客户,183,0.1132
2025-10-01,汉,西北,线上直营,408,0.1132
2025-10-01,汉,西北,经销商,638,0.1132
2025-10-01,汉,西北,商超店,256,0.1132
2025-10-01,汉,西北,大客户,106,0.1132
2025-10-01,汉,东北,线上直营,336,0.1132
2025-10-01,汉,东北,经销商,457,0.1132
2025-10-01,汉,东北,商超店,225,0.1132
2025-10-01,汉,东北,大客户,78,0.1132
2025-11-01,秦PLUS,华东,线上直营,4263,0.116
2025-11-01,秦PLUS,华东,经销商,6051,0.116
2025-11-01,秦PLUS,华东,商超店,2324,0.116
2025-11-01,秦PLUS,华东,大客户,938,0.116
2025-11-01,秦PLUS,华南,线上直营,3555,0.116
2025-11-01,秦PLUS,华南,经销商,5380,0.116
2025-11-01,秦PLUS,华南,商超店,1855,0.116
2025-11-01,秦PLUS,华南,大客户,726,0.116
2025-11-01,秦PLUS,华北,线上直营,2429,0.116
2025-11-01,秦PLUS,华北,经销商,3128,0.116
2025-11-01,秦PLUS,华北,商超店,1377,0.116
2025-11-01,秦PLUS,华北,大客户,520,0.116
2025-11-01,秦PLUS,华中,线上直营,1719,0.116
2025-11-01,秦PLUS,华中,经销商,2348,0.116
2025-11-01,秦PLUS,华中,商超店,878,0.116
2025-11-01,秦PLUS,华中,大客户,326,0.116
2025-11-01,秦PLUS,西南,线上直营,1400,0.116
2025-11-01,秦PLUS,西南,经销商,2222,0.116
2025-11-01,秦PLUS,西南,商超店,901,0.116
2025-11-01,秦PLUS,西南,大客户,414,0.116
2025-11-01,秦PLUS,西北,线上直营,913,0.116
2025-11-01,秦PLUS,西北,经销商,1161,0.116
2025-11-01,秦PLUS,西北,商超店,517,0.116
2025-11-01,秦PLUS,西北,大客户,189,0.116
2025-11-01,秦PLUS,东北,线上直营,683,0.116
2025-11-01,秦PLUS,东北,经销商,1064,0.116
2025-11-01,秦PLUS,东北,商超店,440,0.116
2025-11-01,秦PLUS,东北,大客户,158,0.116
2025-11-01,海豚,华东,线上直营,3303,0.116
2025-11-01,海豚,华东,经销商,4149,0.116
2025-11-01,海豚,华东,商超店,1827,0.116
2025-11-01,海豚,华东,大客户,858,0.116
2025-11-01,海豚,华南,线上直营,2434,0.116
2025-11-01,海豚,华南,经销商,3999,0.116
2025-11-01,海豚,华南,商超店,1445,0.116
2025-11-01,海豚,华南,大客户,584,0.116
2025-11-01,海豚,华北,线上直营,1731,0.116
2025-11-01,海豚,华北,经销商,2574,0.116
2025-11-01,海豚,华北,商超店,978,0.116
2025-11-01,海豚,华北,大客户,419,0.116
2025-11-01,海豚,华中,线上直营,1215,0.116
2025-11-01,海豚,华中,经销商,2061,0.116
2025-11-01,海豚,华中,商超店,850,0.116
2025-11-01,海豚,华中,大客户,313,0.116
2025-11-01,海豚,西南,线上直营,1168,0.116
2025-11-01,海豚,西南,经销商,1859,0.116
2025-11-01,海豚,西南,商超店,699,0.116
2025-11-01,海豚,西南,大客户,299,0.116
2025-11-01,海豚,西北,线上直营,556,0.116
2025-11-01,海豚,西北,经销商,952,0.116
2025-11-01,海豚,西北,商超店,329,0.116
2025-11-01,海豚,西北,大客户,134,0.116
2025-11-01,海豚,东北,线上直营,602,0.116
2025-11-01,海豚,东北,经销商,873,0.116
2025-11-01,海豚,东北,商超店,307,0.116
2025-11-01,海豚,东北,大客户,111,0.116
2025-11-01,海鸥,华东,线上直营,2156,0.116
2025-11-01,海鸥,华东,经销商,4056,0.116
2025-11-01,海鸥,华东,商超店,2024,0.116
2025-11-01,海鸥,华东,大客户,682,0.116
2025-11-01,海鸥,华南,线上直营,2121,0.116
2025-11-01,海鸥,华南,经销商,3455,0.116
2025-11-01,海鸥,华南,商超店,1166,0.116
2025-11-01,海鸥,华南,大客户,505,0.116
2025-11-01,海鸥,华北,线上直营,1628,0.116
2025-11-01,海鸥,华北,经销商,2406,0.116
2025-11-01,海鸥,华北,商超店,1030,0.116
2025-11-01,海鸥,华北,大客户,387,0.116
2025-11-01,海鸥,华中,线上直营,1276,0.116
2025-11-01,海鸥,华中,经销商,1717,0.116
2025-11-01,海鸥,华中,商超店,779,0.116
2025-11-01,海鸥,华中,大客户,319,0.116
2025-11-01,海鸥,西南,线上直营,1024,0.116
2025-11-01,海鸥,西南,经销商,1547,0.116
2025-11-01,海鸥,西南,商超店,737,0.116
2025-11-01,海鸥,西南,大客户,255,0.116
2025-11-01,海鸥,西北,线上直营,673,0.116
2025-11-01,海鸥,西北,经销商,876,0.116
2025-11-01,海鸥,西北,商超店,405,0.116
2025-11-01,海鸥,西北,大客户,142,0.116
2025-11-01,海鸥,东北,线上直营,515,0.116
2025-11-01,海鸥,东北,经销商,852,0.116
2025-11-01,海鸥,东北,商超店,294,0.116
2025-11-01,海鸥,东北,大客户,108,0.116
2025-11-01,宋Pro,华东,线上直营,2515,0.116
2025-11-01,宋Pro,华东,经销商,4056,0.116
2025-11-01,宋Pro,华东,商超店,1369,0.116
2025-11-01,宋Pro,华东,大客户,639,0.116
2025-11-01,宋Pro,华南,线上直营,1962,0.116
2025-11-01,宋Pro,华南,经销商,3358,0.116
2025-11-01,宋Pro,华南,商超店,994,0.116
2025-11-01,宋Pro,华南,大客户,448,0.116
2025-11-01,宋Pro,华北,线上直营,1290,0.116
2025-11-01,宋Pro,华北,经销商,2088,0.116
2025-11-01,宋Pro,华北,商超店,912,0.116
2025-11-01,宋Pro,华北,大客户,342,0.116
2025-11-01,宋Pro,华中,线上直营,1095,0.116
2025-11-01,宋Pro,华中,经销商,1656,0.116
2025-11-01,宋Pro,华中,商超店,681,0.116
2025-11-01,宋Pro,华中,大客户,239,0.116
2025-11-01,宋Pro,西南,线上直营,1083,0.116
2025-11-01,宋Pro,西南,经销商,1619,0.116
2025-11-01,宋Pro,西南,商超店,634,0.116
2025-11-01,宋Pro,西南,大客户,249,0.116
2025-11-01,宋Pro,西北,线上直营,572,0.116
2025-11-01,宋Pro,西北,经销商,975,0.116
2025-11-01,宋Pro,西北,商超店,333,0.116
2025-11-01,宋Pro,西北,大客户,127,0.116
2025-11-01,宋Pro,东北,线上直营,437,0.116
2025-11-01,宋Pro,东北,经销商,641,0.116
2025-11-01,宋Pro,东北,商超店,251,0.116
2025-11-01,宋Pro,东北,大客户,101,0.116
2025-11-01,海豹06,华东,线上直营,2378,0.116
2025-11-01,海豹06,华东,经销商,3684,0.116
2025-11-01,海豹06,华东,商超店,1441,0.116
2025-11-01,海豹06,华东,大客户,523,0.116
2025-11-01,海豹06,华南,线上直营,2014,0.116
2025-11-01,海豹06,华南,经销商,2986,0.116
2025-11-01,海豹06,华南,商超店,1113,0.116
2025-11-01,海豹06,华南,大客户,415,0.116
2025-11-01,海豹06,华北,线上直营,1426,0.116
2025-11-01,海豹06,华北,经销商,2081,0.116
2025-11-01,海豹06,华北,商超店,725,0.116
2025-11-01,海豹06,华北,大客户,317,0.116
2025-11-01,海豹06,华中,线上直营,1046,0.116
2025-11-01,海豹06,华中,经销商,1427,0.116
2025-11-01,海豹06,华中,商超店,624,0.116
2025-11-01,海豹06,华中,大客户,211,0.116
2025-11-01,海豹06,西南,线上直营,1040,0.116
2025-11-01,海豹06,西南,经销商,1550,0.116
2025-11-01,海豹06,西南,商超店,552,0.116
2025-11-01,海豹06,西南,大客户,225,0.116
2025-11-01,海豹06,西北,线上直营,413,0.116
2025-11-01,海豹06,西北,经销商,697,0.116
2025-11-01,海豹06,西北,商超店,300,0.116
2025-11-01,海豹06,西北,大客户,109,0.116
2025-11-01,海豹06,东北,线上直营,451,0.116
2025-11-01,海豹06,东北,经销商,743,0.116
2025-11-01,海豹06,东北,商超店,232,0.116
2025-11-01,海豹06,东北,大客户,92,0.116
2025-11-01,元UP,华东,线上直营,2658,0.116
2025-11-01,元UP,华东,经销商,4418,0.116
2025-11-01,元UP,华东,商超店,1412,0.116
2025-11-01,元UP,华东,大客户,621,0.116
2025-11-01,元UP,华南,线上直营,2349,0.116
2025-11-01,元UP,华南,经销商,2669,0.116
2025-11-01,元UP,华南,商超店,1104,0.116
2025-11-01,元UP,华南,大客户,462,0.116
2025-11-01,元UP,华北,线上直营,1429,0.116
2025-11-01,元UP,华北,经销商,2382,0.116
2025-11-01,元UP,华北,商超店,912,0.116
2025-11-01,元UP,华北,大客户,298,0.116
2025-11-01,元UP,华中,线上直营,1164,0.116
2025-11-01,元UP,华中,经销商,1600,0.116
2025-11-01,元UP,华中,商超店,739,0.116
2025-11-01,元UP,华中,大客户,247,0.116
2025-11-01,元UP,西南,线上直营,972,0.116
2025-11-01,元UP,西南,经销商,1604,0.116
2025-11-01,元UP,西南,商超店,652,0.116
2025-11-01,元UP,西南,大客户,247,0.116
2025-11-01,元UP,西北,线上直营,483,0.116
2025-11-01,元UP,西北,经销商,874,0.116
2025-11-01,元UP,西北,商超店,307,0.116
2025-11-01,元UP,西北,大客户,132,0.116
2025-11-01,元UP,东北,线上直营,412,0.116
2025-11-01,元UP,东北,经销商,723,0.116
2025-11-01,元UP,东北,商超店,261,0.116
2025-11-01,元UP,东北,大客户,97,0.116
2025-11-01,海狮06,华东,线上直营,2528,0.116
2025-11-01,海狮06,华东,经销商,3657,0.116
2025-11-01,海狮06,华东,商超店,1364,0.116
2025-11-01,海狮06,华东,大客户,622,0.116
2025-11-01,海狮06,华南,线上直营,1813,0.116
2025-11-01,海狮06,华南,经销商,2826,0.116
2025-11-01,海狮06,华南,商超店,1151,0.116
2025-11-01,海狮06,华南,大客户,416,0.116
2025-11-01,海狮06,华北,线上直营,1418,0.116
2025-11-01,海狮06,华北,经销商,1962,0.116
2025-11-01,海狮06,华北,商超店,793,0.116
2025-11-01,海狮06,华北,大客户,353,0.116
2025-11-01,海狮06,华中,线上直营,939,0.116
2025-11-01,海狮06,华中,经销商,1240,0.116
2025-11-01,海狮06,华中,商超店,694,0.116
2025-11-01,海狮06,华中,大客户,288,0.116
2025-11-01,海狮06,西南,线上直营,909,0.116
2025-11-01,海狮06,西南,经销商,1191,0.116
2025-11-01,海狮06,西南,商超店,549,0.116
2025-11-01,海狮06,西南,大客户,214,0.116
2025-11-01,海狮06,西北,线上直营,504,0.116
2025-11-01,海狮06,西北,经销商,700,0.116
2025-11-01,海狮06,西北,商超店,321,0.116
2025-11-01,海狮06,西北,大客户,124,0.116
2025-11-01,海狮06,东北,线上直营,376,0.116
2025-11-01,海狮06,东北,经销商,676,0.116
2025-11-01,海狮06,东北,商超店,298,0.116
2025-11-01,海狮06,东北,大客户,101,0.116
2025-11-01,汉,华东,线上直营,1904,0.116
2025-11-01,汉,华东,经销商,2902,0.116
2025-11-01,汉,华东,商超店,1232,0.116
2025-11-01,汉,华东,大客户,393,0.116
2025-11-01,汉,华南,线上直营,1558,0.116
2025-11-01,汉,华南,经销商,2234,0.116
2025-11-01,汉,华南,商超店,1059,0.116
2025-11-01,汉,华南,大客户,353,0.116
2025-11-01,汉,华北,线上直营,1267,0.116
2025-11-01,汉,华北,经销商,1529,0.116
2025-11-01,汉,华北,商超店,702,0.116
2025-11-01,汉,华北,大客户,267,0.116
2025-11-01,汉,华中,线上直营,780,0.116
2025-11-01,汉,华中,经销商,1276,0.116
2025-11-01,汉,华中,商超店,552,0.116
2025-11-01,汉,华中,大客户,190,0.116
2025-11-01,汉,西南,线上直营,664,0.116
2025-11-01,汉,西南,经销商,1151,0.116
2025-11-01,汉,西南,商超店,428,0.116
2025-11-01,汉,西南,大客户,174,0.116
2025-11-01,汉,西北,线上直营,416,0.116
2025-11-01,汉,西北,经销商,543,0.116
2025-11-01,汉,西北,商超店,219,0.116
2025-11-01,汉,西北,大客户,101,0.116
2025-11-01,汉,东北,线上直营,334,0.116
2025-11-01,汉,东北,经销商,416,0.116
2025-11-01,汉,东北,商超店,222,0.116
2025-11-01,汉,东北,大客户,83,0.116
2025-12-01,秦PLUS,华东,线上直营,3893,0.121
2025-12-01,秦PLUS,华东,经销商,5542,0.121
2025-12-01,秦PLUS,华东,商超店,2643,0.121
2025-12-01,秦PLUS,华东,大客户,990,0.121
2025-12-01,秦PLUS,华南,线上直营,3863,0.121
2025-12-01,秦PLUS,华南,经销商,5030,0.121
2025-12-01,秦PLUS,华南,商超店,2007,0.121
2025-12-01,秦PLUS,华南,大客户,747,0.121
2025-12-01,秦PLUS,华北,线上直营,2514,0.121
2025-12-01,秦PLUS,华北,经销商,3716,0.121
2025-12-01,秦PLUS,华北,商超店,1557,0.121
2025-12-01,秦PLUS,华北,大客户,527,0.121
2025-12-01,秦PLUS,华中,线上直营,1708,0.121
2025-12-01,秦PLUS,华中,经销商,2553,0.121
2025-12-01,秦PLUS,华中,商超店,1129,0.121
2025-12-01,秦PLUS,华中,大客户,462,0.121
2025-12-01,秦PLUS,西南,线上直营,1562,0.121
2025-12-01,秦PLUS,西南,经销商,2350,0.121
2025-12-01,秦PLUS,西南,商超店,997,0.121
2025-12-01,秦PLUS,西南,大客户,371,0.121
2025-12-01,秦PLUS,西北,线上直营,952,0.121
2025-12-01,秦PLUS,西北,经销商,1088,0.121
2025-12-01,秦PLUS,西北,商超店,495,0.121
2025-12-01,秦PLUS,西北,大客户,193,0.121
2025-12-01,秦PLUS,东北,线上直营,600,0.121
2025-12-01,秦PLUS,东北,经销商,1020,0.121
2025-12-01,秦PLUS,东北,商超店,410,0.121
2025-12-01,秦PLUS,东北,大客户,169,0.121
2025-12-01,海豚,华东,线上直营,3498,0.121
2025-12-01,海豚,华东,经销商,4723,0.121
2025-12-01,海豚,华东,商超店,1768,0.121
2025-12-01,海豚,华东,大客户,746,0.121
2025-12-01,海豚,华南,线上直营,2735,0.121
2025-12-01,海豚,华南,经销商,3490,0.121
2025-12-01,海豚,华南,商超店,1403,0.121
2025-12-01,海豚,华南,大客户,615,0.121
2025-12-01,海豚,华北,线上直营,1802,0.121
2025-12-01,海豚,华北,经销商,2895,0.121
2025-12-01,海豚,华北,商超店,1100,0.121
2025-12-01,海豚,华北,大客户,452,0.121
2025-12-01,海豚,华中,线上直营,1262,0.121
2025-12-01,海豚,华中,经销商,2062,0.121
2025-12-01,海豚,华中,商超店,812,0.121
2025-12-01,海豚,华中,大客户,289,0.121
2025-12-01,海豚,西南,线上直营,1104,0.121
2025-12-01,海豚,西南,经销商,1996,0.121
2025-12-01,海豚,西南,商超店,735,0.121
2025-12-01,海豚,西南,大客户,270,0.121
2025-12-01,海豚,西北,线上直营,682,0.121
2025-12-01,海豚,西北,经销商,1125,0.121
2025-12-01,海豚,西北,商超店,337,0.121
2025-12-01,海豚,西北,大客户,141,0.121
2025-12-01,海豚,东北,线上直营,531,0.121
2025-12-01,海豚,东北,经销商,960,0.121
2025-12-01,海豚,东北,商超店,351,0.121
2025-12-01,海豚,东北,大客户,142,0.121
2025-12-01,海鸥,华东,线上直营,2710,0.121
2025-12-01,海鸥,华东,经销商,4073,0.121
2025-12-01,海鸥,华东,商超店,1853,0.121
2025-12-01,海鸥,华东,大客户,699,0.121
2025-12-01,海鸥,华南,线上直营,2446,0.121
2025-12-01,海鸥,华南,经销商,3462,0.121
2025-12-01,海鸥,华南,商超店,1437,0.121
2025-12-01,海鸥,华南,大客户,553,0.121
2025-12-01,海鸥,华北,线上直营,1810,0.121
2025-12-01,海鸥,华北,经销商,2721,0.121
2025-12-01,海鸥,华北,商超店,890,0.121
2025-12-01,海鸥,华北,大客户,326,0.121
2025-12-01,海鸥,华中,线上直营,1380,0.121
2025-12-01,海鸥,华中,经销商,2099,0.121
2025-12-01,海鸥,华中,商超店,704,0.121
2025-12-01,海鸥,华中,大客户,253,0.121
2025-12-01,海鸥,西南,线上直营,1181,0.121
2025-12-01,海鸥,西南,经销商,1888,0.121
2025-12-01,海鸥,西南,商超店,804,0.121
2025-12-01,海鸥,西南,大客户,284,0.121
2025-12-01,海鸥,西北,线上直营,620,0.121
2025-12-01,海鸥,西北,经销商,890,0.121
2025-12-01,海鸥,西北,商超店,383,0.121
2025-12-01,海鸥,西北,大客户,145,0.121
2025-12-01,海鸥,东北,线上直营,489,0.121
2025-12-01,海鸥,东北,经销商,929,0.121
2025-12-01,海鸥,东北,商超店,365,0.121
2025-12-01,海鸥,东北,大客户,135,0.121
2025-12-01,宋Pro,华东,线上直营,2550,0.121
2025-12-01,宋Pro,华东,经销商,4412,0.121
2025-12-01,宋Pro,华东,商超店,1736,0.121
2025-12-01,宋Pro,华东,大客户,665,0.121
2025-12-01,宋Pro,华南,线上直营,2379,0.121
2025-12-01,宋Pro,华南,经销商,3409,0.121
2025-12-01,宋Pro,华南,商超店,1374,0.121
2025-12-01,宋Pro,华南,大客户,530,0.121
2025-12-01,宋Pro,华北,线上直营,1616,0.121
2025-12-01,宋Pro,华北,经销商,2023,0.121
2025-12-01,宋Pro,华北,商超店,950,0.121
2025-12-01,宋Pro,华北,大客户,350,0.121
2025-12-01,宋Pro,华中,线上直营,1059,0.121
2025-12-01,宋Pro,华中,经销商,2008,0.121
2025-12-01,宋Pro,华中,商超店,805,0.121
2025-12-01,宋Pro,华中,大客户,305,0.121
2025-12-01,宋Pro,西南,线上直营,1103,0.121
2025-12-01,宋Pro,西南,经销商,1797,0.121
2025-12-01,宋Pro,西南,商超店,649,0.121
2025-12-01,宋Pro,西南,大客户,256,0.121
2025-12-01,宋Pro,西北,线上直营,538,0.121
2025-12-01,宋Pro,西北,经销商,913,0.121
2025-12-01,宋Pro,西北,商超店,355,0.121
2025-12-01,宋Pro,西北,大客户,123,0.121
2025-12-01,宋Pro,东北,线上直营,489,0.121
2025-12-01,宋Pro,东北,经销商,732,0.121
2025-12-01,宋Pro,东北,商超店,337,0.121
2025-12-01,宋Pro,东北,大客户,122,0.121
2025-12-01,海豹06,华东,线上直营,2526,0.121
2025-12-01,海豹06,华东,经销商,3860,0.121
2025-12-01,海豹06,华东,商超店,1519,0.121
2025-12-01,海豹06,华东,大客户,579,0.121
2025-12-01,海豹06,华南,线上直营,1811,0.121
2025-12-01,海豹06,华南,经销商,2938,0.121
2025-12-01,海豹06,华南,商超店,1118,0.121
2025-12-01,海豹06,华南,大客户,416,0.121
2025-12-01,海豹06,华北,线上直营,1501,0.121
2025-12-01,海豹06,华北,经销商,2230,0.121
2025-12-01,海豹06,华北,商超店,741,0.121
2025-12-01,海豹06,华北,大客户,333,0.121
2025-12-01,海豹06,华中,线上直营,1167,0.121
2025-12-01,海豹06,华中,经销商,1759,0.121
2025-12-01,海豹06,华中,商超店,702,0.121
2025-12-01,海豹06,华中,大客户,253,0.121
2025-12-01,海豹06,西南,线上直营,924,0.121
2025-12-01,海豹06,西南,经销商,1358,0.121
2025-12-01,海豹06,西南,商超店,611,0.121
2025-12-01,海豹06,西南,大客户,238,0.121
2025-12-01,海豹06,西北,线上直营,596,0.121
2025-12-01,海豹06,西北,经销商,882,0.121
2025-12-01,海豹06,西北,商超店,321,0.121
2025-12-01,海豹06,西北,大客户,113,0.121
2025-12-01,海豹06,东北,线上直营,439,0.121
2025-12-01,海豹06,东北,经销商,687,0.121
2025-12-01,海豹06,东北,商超店,266,0.121
2025-12-01,海豹06,东北,大客户,100,0.121
2025-12-01,元UP,华东,线上直营,2808,0.121
2025-12-01,元UP,华东,经销商,3963,0.121
2025-12-01,元UP,华东,商超店,1568,0.121
2025-12-01,元UP,华东,大客户,658,0.121
2025-12-01,元UP,华南,线上直营,2093,0.121
2025-12-01,元UP,华南,经销商,3308,0.121
2025-12-01,元UP,华南,商超店,1326,0.121
2025-12-01,元UP,华南,大客户,458,0.121
2025-12-01,元UP,华北,线上直营,1512,0.121
2025-12-01,元UP,华北,经销商,2631,0.121
2025-12-01,元UP,华北,商超店,856,0.121
2025-12-01,元UP,华北,大客户,304,0.121
2025-12-01,元UP,华中,线上直营,1004,0.121
2025-12-01,元UP,华中,经销商,1774,0.121
2025-12-01,元UP,华中,商超店,709,0.121
2025-12-01,元UP,华中,大客户,272,0.121
2025-12-01,元UP,西南,线上直营,1186,0.121
2025-12-01,元UP,西南,经销商,1275,0.121
2025-12-01,元UP,西南,商超店,669,0.121
2025-12-01,元UP,西南,大客户,283,0.121
2025-12-01,元UP,西北,线上直营,536,0.121
2025-12-01,元UP,西北,经销商,858,0.121
2025-12-01,元UP,西北,商超店,332,0.121
2025-12-01,元UP,西北,大客户,127,0.121
2025-12-01,元UP,东北,线上直营,478,0.121
2025-12-01,元UP,东北,经销商,821,0.121
2025-12-01,元UP,东北,商超店,338,0.121
2025-12-01,元UP,东北,大客户,111,0.121
2025-12-01,海狮06,华东,线上直营,2908,0.121
2025-12-01,海狮06,华东,经销商,3796,0.121
2025-12-01,海狮06,华东,商超店,1726,0.121
2025-12-01,海狮06,华东,大客户,584,0.121
2025-12-01,海狮06,华南,线上直营,2003,0.121
2025-12-01,海狮06,华南,经销商,3061,0.121
2025-12-01,海狮06,华南,商超店,1492,0.121
2025-12-01,海狮06,华南,大客户,494,0.121
2025-12-01,海狮06,华北,线上直营,1360,0.121
2025-12-01,海狮06,华北,经销商,2330,0.121
2025-12-01,海狮06,华北,商超店,840,0.121
2025-12-01,海狮06,华北,大客户,323,0.121
2025-12-01,海狮06,华中,线上直营,1160,0.121
2025-12-01,海狮06,华中,经销商,1626,0.121
2025-12-01,海狮06,华中,商超店,663,0.121
2025-12-01,海狮06,华中,大客户,252,0.121
2025-12-01,海狮06,西南,线上直营,1018,0.121
2025-12-01,海狮06,西南,经销商,1537,0.121
2025-12-01,海狮06,西南,商超店,502,0.121
2025-12-01,海狮06,西南,大客户,243,0.121
2025-12-01,海狮06,西北,线上直营,498,0.121
2025-12-01,海狮06,西北,经销商,717,0.121
2025-12-01,海狮06,西北,商超店,322,0.121
2025-12-01,海狮06,西北,大客户,127,0.121
2025-12-01,海狮06,东北,线上直营,425,0.121
2025-12-01,海狮06,东北,经销商,720,0.121
2025-12-01,海狮06,东北,商超店,241,0.121
2025-12-01,海狮06,东北,大客户,101,0.121
2025-12-01,汉,华东,线上直营,1968,0.121
2025-12-01,汉,华东,经销商,3085,0.121
2025-12-01,汉,华东,商超店,1266,0.121
2025-12-01,汉,华东,大客户,442,0.121
2025-12-01,汉,华南,线上直营,1716,0.121
2025-12-01,汉,华南,经销商,2445,0.121
2025-12-01,汉,华南,商超店,826,0.121
2025-12-01,汉,华南,大客户,319,0.121
2025-12-01,汉,华北,线上直营,1178,0.121
2025-12-01,汉,华北,经销商,1738,0.121
2025-12-01,汉,华北,商超店,702,0.121
2025-12-01,汉,华北,大客户,274,0.121
2025-12-01,汉,华中,线上直营,900,0.121
2025-12-01,汉,华中,经销商,1428,0.121
2025-12-01,汉,华中,商超店,483,0.121
2025-12-01,汉,华中,大客户,187,0.121
2025-12-01,汉,西南,线上直营,740,0.121
2025-12-01,汉,西南,经销商,1244,0.121
2025-12-01,汉,西南,商超店,535,0.121
2025-12-01,汉,西南,大客户,182,0.121
2025-12-01,汉,西北,线上直营,353,0.121
2025-12-01,汉,西北,经销商,573,0.121
2025-12-01,汉,西北,商超店,247,0.121
2025-12-01,汉,西北,大客户,98,0.121
2025-12-01,汉,东北,线上直营,356,0.121
2025-12-01,汉,东北,经销商,554,0.121
2025-12-01,汉,东北,商超店,215,0.121
2025-12-01,汉,东北,大客户,93,0.121
2026-01-01,秦PLUS,华东,线上直营,539,0.0443
2026-01-01,秦PLUS,华东,经销商,796,0.0443
2026-01-01,秦PLUS,华东,商超店,355,0.0443
2026-01-01,秦PLUS,华东,大客户,116,0.0443
2026-01-01,秦PLUS,华南,线上直营,462,0.0443
2026-01-01,秦PLUS,华南,经销商,677,0.0443
2026-01-01,秦PLUS,华南,商超店,265,0.0443
2026-01-01,秦PLUS,华南,大客户,117,0.0443
2026-01-01,秦PLUS,华北,线上直营,309,0.0443
2026-01-01,秦PLUS,华北,经销商,569,0.0443
2026-01-01,秦PLUS,华北,商超店,192,0.0443
2026-01-01,秦PLUS,华北,大客户,68,0.0443
2026-01-01,秦PLUS,华中,线上直营,245,0.0443
2026-01-01,秦PLUS,华中,经销商,335,0.0443
2026-01-01,秦PLUS,华中,商超店,137,0.0443
2026-01-01,秦PLUS,华中,大客户,58,0.0443
2026-01-01,秦PLUS,西南,线上直营,234,0.0443
2026-01-01,秦PLUS,西南,经销商,319,0.0443
2026-01-01,秦PLUS,西南,商超店,145,0.0443
2026-01-01,秦PLUS,西南,大客户,57,0.0443
2026-01-01,秦PLUS,西北,线上直营,136,0.0443
2026-01-01,秦PLUS,西北,经销商,191,0.0443
2026-01-01,秦PLUS,西北,商超店,81,0.0443
2026-01-01,秦PLUS,西北,大客户,24,0.0443
2026-01-01,秦PLUS,东北,线上直营,99,0.0443
2026-01-01,秦PLUS,东北,经销商,142,0.0443
2026-01-01,秦PLUS,东北,商超店,61,0.0443
2026-01-01,秦PLUS,东北,大客户,22,0.0443
2026-01-01,海豚,华东,线上直营,437,0.0443
2026-01-01,海豚,华东,经销商,765,0.0443
2026-01-01,海豚,华东,商超店,262,0.0443
2026-01-01,海豚,华东,大客户,106,0.0443
2026-01-01,海豚,华南,线上直营,342,0.0443
2026-01-01,海豚,华南,经销商,525,0.0443
2026-01-01,海豚,华南,商超店,209,0.0443
2026-01-01,海豚,华南,大客户,84,0.0443
2026-01-01,海豚,华北,线上直营,277,0.0443
2026-01-01,海豚,华北,经销商,430,0.0443
2026-01-01,海豚,华北,商超店,155,0.0443
2026-01-01,海豚,华北,大客户,61,0.0443
2026-01-01,海豚,华中,线上直营,172,0.0443
2026-01-01,海豚,华中,经销商,283,0.0443
2026-01-01,海豚,华中,商超店,122,0.0443
2026-01-01,海豚,华中,大客户,47,0.0443
2026-01-01,海豚,西南,线上直营,177,0.0443
2026-01-01,海豚,西南,经销商,279,0.0443
2026-01-01,海豚,西南,商超店,108,0.0443
2026-01-01,海豚,西南,大客户,44,0.0443
2026-01-01,海豚,西北,线上直营,97,0.0443
2026-01-01,海豚,西北,经销商,138,0.0443
2026-01-01,海豚,西北,商超店,58,0.0443
2026-01-01,海豚,西北,大客户,16,0.0443
2026-01-01,海豚,东北,线上直营,81,0.0443
2026-01-01,海豚,东北,经销商,84,0.0443
2026-01-01,海豚,东北,商超店,40,0.0443
2026-01-01,海豚,东北,大客户,19,0.0443
2026-01-01,海鸥,华东,线上直营,427,0.0443
2026-01-01,海鸥,华东,经销商,560,0.0443
2026-01-01,海鸥,华东,商超店,233,0.0443
2026-01-01,海鸥,华东,大客户,106,0.0443
2026-01-01,海鸥,华南,线上直营,311,0.0443
2026-01-01,海鸥,华南,经销商,572,0.0443
2026-01-01,海鸥,华南,商超店,194,0.0443
2026-01-01,海鸥,华南,大客户,77,0.0443
2026-01-01,海鸥,华北,线上直营,265,0.0443
2026-01-01,海鸥,华北,经销商,356,0.0443
2026-01-01,海鸥,华北,商超店,129,0.0443
2026-01-01,海鸥,华北,大客户,54,0.0443
2026-01-01,海鸥,华中,线上直营,176,0.0443
2026-01-01,海鸥,华中,经销商,235,0.0443
2026-01-01,海鸥,华中,商超店,103,0.0443
2026-01-01,海鸥,华中,大客户,38,0.0443
2026-01-01,海鸥,西南,线上直营,173,0.0443
2026-01-01,海鸥,西南,经销商,243,0.0443
2026-01-01,海鸥,西南,商超店,94,0.0443
2026-01-01,海鸥,西南,大客户,37,0.0443
2026-01-01,海鸥,西北,线上直营,89,0.0443
2026-01-01,海鸥,西北,经销商,138,0.0443
2026-01-01,海鸥,西北,商超店,48,0.0443
2026-01-01,海鸥,西北,大客户,18,0.0443
2026-01-01,海鸥,东北,线上直营,80,0.0443
2026-01-01,海鸥,东北,经销商,106,0.0443
2026-01-01,海鸥,东北,商超店,39,0.0443
2026-01-01,海鸥,东北,大客户,17,0.0443
2026-01-01,宋Pro,华东,线上直营,394,0.0443
2026-01-01,宋Pro,华东,经销商,500,0.0443
2026-01-01,宋Pro,华东,商超店,232,0.0443
2026-01-01,宋Pro,华东,大客户,93,0.0443
2026-01-01,宋Pro,华南,线上直营,307,0.0443
2026-01-01,宋Pro,华南,经销商,470,0.0443
2026-01-01,宋Pro,华南,商超店,159,0.0443
2026-01-01,宋Pro,华南,大客户,71,0.0443
2026-01-01,宋Pro,华北,线上直营,212,0.0443
2026-01-01,宋Pro,华北,经销商,313,0.0443
2026-01-01,宋Pro,华北,商超店,139,0.0443
2026-01-01,宋Pro,华北,大客户,56,0.0443
2026-01-01,宋Pro,华中,线上直营,186,0.0443
2026-01-01,宋Pro,华中,经销商,270,0.0443
2026-01-01,宋Pro,华中,商超店,96,0.0443
2026-01-01,宋Pro,华中,大客户,39,0.0443
2026-01-01,宋Pro,西南,线上直营,158,0.0443
2026-01-01,宋Pro,西南,经销商,226,0.0443
2026-01-01,宋Pro,西南,商超店,90,0.0443
2026-01-01,宋Pro,西南,大客户,37,0.0443
2026-01-01,宋Pro,西北,线上直营,81,0.0443
2026-01-01,宋Pro,西北,经销商,115,0.0443
2026-01-01,宋Pro,西北,商超店,47,0.0443
2026-01-01,宋Pro,西北,大客户,19,0.0443
2026-01-01,宋Pro,东北,线上直营,67,0.0443
2026-01-01,宋Pro,东北,经销商,104,0.0443
2026-01-01,宋Pro,东北,商超店,42,0.0443
2026-01-01,宋Pro,东北,大客户,15,0.0443
2026-01-01,海豹06,华东,线上直营,369,0.0443
2026-01-01,海豹06,华东,经销商,538,0.0443
2026-01-01,海豹06,华东,商超店,188,0.0443
2026-01-01,海豹06,华东,大客户,90,0.0443
2026-01-01,海豹06,华南,线上直营,262,0.0443
2026-01-01,海豹06,华南,经销商,356,0.0443
2026-01-01,海豹06,华南,商超店,150,0.0443
2026-01-01,海豹06,华南,大客户,58,0.0443
2026-01-01,海豹06,华北,线上直营,200,0.0443
2026-01-01,海豹06,华北,经销商,292,0.0443
2026-01-01,海豹06,华北,商超店,116,0.0443
2026-01-01,海豹06,华北,大客户,48,0.0443
2026-01-01,海豹06,华中,线上直营,153,0.0443
2026-01-01,海豹06,华中,经销商,229,0.0443
2026-01-01,海豹06,华中,商超店,92,0.0443
2026-01-01,海豹06,华中,大客户,36,0.0443
2026-01-01,海豹06,西南,线上直营,113,0.0443
2026-01-01,海豹06,西南,经销商,199,0.0443
2026-01-01,海豹06,西南,商超店,67,0.0443
2026-01-01,海豹06,西南,大客户,32,0.0443
2026-01-01,海豹06,西北,线上直营,74,0.0443
2026-01-01,海豹06,西北,经销商,121,0.0443
2026-01-01,海豹06,西北,商超店,49,0.0443
2026-01-01,海豹06,西北,大客户,17,0.0443
2026-01-01,海豹06,东北,线上直营,59,0.0443
2026-01-01,海豹06,东北,经销商,96,0.0443
2026-01-01,海豹06,东北,商超店,35,0.0443
2026-01-01,海豹06,东北,大客户,14,0.0443
2026-01-01,元UP,华东,线上直营,410,0.0443
2026-01-01,元UP,华东,经销商,544,0.0443
2026-01-01,元UP,华东,商超店,242,0.0443
2026-01-01,元UP,华东,大客户,93,0.0443
2026-01-01,元UP,华南,线上直营,275,0.0443
2026-01-01,元UP,华南,经销商,483,0.0443
2026-01-01,元UP,华南,商超店,189,0.0443
2026-01-01,元UP,华南,大客户,70,0.0443
2026-01-01,元UP,华北,线上直营,204,0.0443
2026-01-01,元UP,华北,经销商,303,0.0443
2026-01-01,元UP,华北,商超店,124,0.0443
2026-01-01,元UP,华北,大客户,52,0.0443
2026-01-01,元UP,华中,线上直营,150,0.0443
2026-01-01,元UP,华中,经销商,252,0.0443
2026-01-01,元UP,华中,商超店,88,0.0443
2026-01-01,元UP,华中,大客户,37,0.0443
2026-01-01,元UP,西南,线上直营,150,0.0443
2026-01-01,元UP,西南,经销商,267,0.0443
2026-01-01,元UP,西南,商超店,79,0.0443
2026-01-01,元UP,西南,大客户,38,0.0443
2026-01-01,元UP,西北,线上直营,82,0.0443
2026-01-01,元UP,西北,经销商,126,0.0443
2026-01-01,元UP,西北,商超店,49,0.0443
2026-01-01,元UP,西北,大客户,19,0.0443
2026-01-01,元UP,东北,线上直营,67,0.0443
2026-01-01,元UP,东北,经销商,113,0.0443
2026-01-01,元UP,东北,商超店,39,0.0443
2026-01-01,元UP,东北,大客户,17,0.0443
2026-01-01,海狮06,华东,线上直营,330,0.0443
2026-01-01,海狮06,华东,经销商,520,0.0443
2026-01-01,海狮06,华东,商超店,191,0.0443
2026-01-01,海狮06,华东,大客户,84,0.0443
2026-01-01,海狮06,华南,线上直营,305,0.0443
2026-01-01,海狮06,华南,经销商,408,0.0443
2026-01-01,海狮06,华南,商超店,161,0.0443
2026-01-01,海狮06,华南,大客户,58,0.0443
2026-01-01,海狮06,华北,线上直营,195,0.0443
2026-01-01,海狮06,华北,经销商,260,0.0443
2026-01-01,海狮06,华北,商超店,110,0.0443
2026-01-01,海狮06,华北,大客户,47,0.0443
2026-01-01,海狮06,华中,线上直营,165,0.0443
2026-01-01,海狮06,华中,经销商,274,0.0443
2026-01-01,海狮06,华中,商超店,85,0.0443
2026-01-01,海狮06,华中,大客户,38,0.0443
2026-01-01,海狮06,西南,线上直营,139,0.0443
2026-01-01,海狮06,西南,经销商,202,0.0443
2026-01-01,海狮06,西南,商超店,85,0.0443
2026-01-01,海狮06,西南,大客户,32,0.0443
2026-01-01,海狮06,西北,线上直营,75,0.0443
2026-01-01,海狮06,西北,经销商,108,0.0443
2026-01-01,海狮06,西北,商超店,39,0.0443
2026-01-01,海狮06,西北,大客户,15,0.0443
2026-01-01,海狮06,东北,线上直营,65,0.0443
2026-01-01,海狮06,东北,经销商,91,0.0443
2026-01-01,海狮06,东北,商超店,35,0.0443
2026-01-01,海狮06,东北,大客户,14,0.0443
2026-01-01,汉,华东,线上直营,303,0.0443
2026-01-01,汉,华东,经销商,433,0.0443
2026-01-01,汉,华东,商超店,162,0.0443
2026-01-01,汉,华东,大客户,73,0.0443
2026-01-01,汉,华南,线上直营,252,0.0443
2026-01-01,汉,华南,经销商,349,0.0443
2026-01-01,汉,华南,商超店,144,0.0443
2026-01-01,汉,华南,大客户,57,0.0443
2026-01-01,汉,华北,线上直营,177,0.0443
2026-01-01,汉,华北,经销商,256,0.0443
2026-01-01,汉,华北,商超店,102,0.0443
2026-01-01,汉,华北,大客户,39,0.0443
2026-01-01,汉,华中,线上直营,111,0.0443
2026-01-01,汉,华中,经销商,193,0.0443
2026-01-01,汉,华中,商超店,65,0.0443
2026-01-01,汉,华中,大客户,26,0.0443
2026-01-01,汉,西南,线上直营,123,0.0443
2026-01-01,汉,西南,经销商,179,0.0443
2026-01-01,汉,西南,商超店,75,0.0443
2026-01-01,汉,西南,大客户,25,0.0443
2026-01-01,汉,西北,线上直营,55,0.0443
2026-01-01,汉,西北,经销商,89,0.0443
2026-01-01,汉,西北,商超店,36,0.0443
2026-01-01,汉,西北,大客户,14,0.0443
2026-01-01,汉,东北,线上直营,55,0.0443
2026-01-01,汉,东北,经销商,74,0.0443
2026-01-01,汉,东北,商超店,31,0.0443
2026-01-01,汉,东北,大客户,10,0.0443
2026-02-01,秦PLUS,华东,线上直营,591,0.0663
2026-02-01,秦PLUS,华东,经销商,856,0.0663
2026-02-01,秦PLUS,华东,商超店,321,0.0663
2026-02-01,秦PLUS,华东,大客户,130,0.0663
2026-02-01,秦PLUS,华南,线上直营,441,0.0663
2026-02-01,秦PLUS,华南,经销商,230,0.0663
2026-02-01,秦PLUS,华南,商超店,307,0.0663
2026-02-01,秦PLUS,华南,大客户,103,0.0663
2026-02-01,秦PLUS,华北,线上直营,319,0.0663
2026-02-01,秦PLUS,华北,经销商,407,0.0663
2026-02-01,秦PLUS,华北,商超店,181,0.0663
2026-02-01,秦PLUS,华北,大客户,74,0.0663
2026-02-01,秦PLUS,华中,线上直营,231,0.0663
2026-02-01,秦PLUS,华中,经销商,407,0.0663
2026-02-01,秦PLUS,华中,商超店,144,0.0663
2026-02-01,秦PLUS,华中,大客户,62,0.0663
2026-02-01,秦PLUS,西南,线上直营,225,0.0663
2026-02-01,秦PLUS,西南,经销商,337,0.0663
2026-02-01,秦PLUS,西南,商超店,133,0.0663
2026-02-01,秦PLUS,西南,大客户,52,0.0663
2026-02-01,秦PLUS,西北,线上直营,139,0.0663
2026-02-01,秦PLUS,西北,经销商,149,0.0663
2026-02-01,秦PLUS,西北,商超店,61,0.0663
2026-02-01,秦PLUS,西北,大客户,27,0.0663
2026-02-01,秦PLUS,东北,线上直营,102,0.0663
2026-02-01,秦PLUS,东北,经销商,161,0.0663
2026-02-01,秦PLUS,东北,商超店,63,0.0663
2026-02-01,秦PLUS,东北,大客户,23,0.0663
2026-02-01,海豚,华东,线上直营,480,0.0663
2026-02-01,海豚,华东,经销商,720,0.0663
2026-02-01,海豚,华东,商超店,270,0.0663
2026-02-01,海豚,华东,大客户,111,0.0663
2026-02-01,海豚,华南,线上直营,356,0.0663
2026-02-01,海豚,华南,经销商,174,0.0663
2026-02-01,海豚,华南,商超店,220,0.0663
2026-02-01,海豚,华南,大客户,82,0.0663
2026-02-01,海豚,华北,线上直营,253,0.0663
2026-02-01,海豚,华北,经销商,425,0.0663
2026-02-01,海豚,华北,商超店,122,0.0663
2026-02-01,海豚,华北,大客户,52,0.0663
2026-02-01,海豚,华中,线上直营,172,0.0663
2026-02-01,海豚,华中,经销商,277,0.0663
2026-02-01,海豚,华中,商超店,111,0.0663
2026-02-01,海豚,华中,大客户,39,0.0663
2026-02-01,海豚,西南,线上直营,160,0.0663
2026-02-01,海豚,西南,经销商,243,0.0663
2026-02-01,海豚,西南,商超店,125,0.0663
2026-02-01,海豚,西南,大客户,46,0.0663
2026-02-01,海豚,西北,线上直营,91,0.0663
2026-02-01,海豚,西北,经销商,138,0.0663
2026-02-01,海豚,西北,商超店,51,0.0663
2026-02-01,海豚,西北,大客户,18,0.0663
2026-02-01,海豚,东北,线上直营,78,0.0663
2026-02-01,海豚,东北,经销商,109,0.0663
2026-02-01,海豚,东北,商超店,47,0.0663
2026-02-01,海豚,东北,大客户,16,0.0663
2026-02-01,海鸥,华东,线上直营,387,0.0663
2026-02-01,海鸥,华东,经销商,625,0.0663
2026-02-01,海鸥,华东,商超店,254,0.0663
2026-02-01,海鸥,华东,大客户,99,0.0663
2026-02-01,海鸥,华南,线上直营,289,0.0663
2026-02-01,海鸥,华南,经销商,181,0.0663
2026-02-01,海鸥,华南,商超店,181,0.0663
2026-02-01,海鸥,华南,大客户,79,0.0663
2026-02-01,海鸥,华北,线上直营,235,0.0663
2026-02-01,海鸥,华北,经销商,314,0.0663
2026-02-01,海鸥,华北,商超店,137,0.0663
2026-02-01,海鸥,华北,大客户,56,0.0663
2026-02-01,海鸥,华中,线上直营,185,0.0663
2026-02-01,海鸥,华中,经销商,261,0.0663
2026-02-01,海鸥,华中,商超店,118,0.0663
2026-02-01,海鸥,华中,大客户,44,0.0663
2026-02-01,海鸥,西南,线上直营,158,0.0663
2026-02-01,海鸥,西南,经销商,257,0.0663
2026-02-01,海鸥,西南,商超店,112,0.0663
2026-02-01,海鸥,西南,大客户,43,0.0663
2026-02-01,海鸥,西北,线上直营,79,0.0663
2026-02-01,海鸥,西北,经销商,122,0.0663
2026-02-01,海鸥,西北,商超店,59,0.0663
2026-02-01,海鸥,西北,大客户,18,0.0663
2026-02-01,海鸥,东北,线上直营,65,0.0663
2026-02-01,海鸥,东北,经销商,106,0.0663
2026-02-01,海鸥,东北,商超店,45,0.0663
2026-02-01,海鸥,东北,大客户,17,0.0663
2026-02-01,宋Pro,华东,线上直营,360,0.0663
2026-02-01,宋Pro,华东,经销商,539,0.0663
2026-02-01,宋Pro,华东,商超店,215,0.0663
2026-02-01,宋Pro,华东,大客户,82,0.0663
2026-02-01,宋Pro,华南,线上直营,353,0.0663
2026-02-01,宋Pro,华南,经销商,160,0.0663
2026-02-01,宋Pro,华南,商超店,192,0.0663
2026-02-01,宋Pro,华南,大客户,67,0.0663
2026-02-01,宋Pro,华北,线上直营,214,0.0663
2026-02-01,宋Pro,华北,经销商,307,0.0663
2026-02-01,宋Pro,华北,商超店,102,0.0663
2026-02-01,宋Pro,华北,大客户,45,0.0663
2026-02-01,宋Pro,华中,线上直营,139,0.0663
2026-02-01,宋Pro,华中,经销商,200,0.0663
2026-02-01,宋Pro,华中,商超店,88,0.0663
2026-02-01,宋Pro,华中,大客户,42,0.0663
2026-02-01,宋Pro,西南,线上直营,148,0.0663
2026-02-01,宋Pro,西南,经销商,247,0.0663
2026-02-01,宋Pro,西南,商超店,92,0.0663
2026-02-01,宋Pro,西南,大客户,37,0.0663
2026-02-01,宋Pro,西北,线上直营,75,0.0663
2026-02-01,宋Pro,西北,经销商,127,0.0663
2026-02-01,宋Pro,西北,商超店,51,0.0663
2026-02-01,宋Pro,西北,大客户,18,0.0663
2026-02-01,宋Pro,东北,线上直营,70,0.0663
2026-02-01,宋Pro,东北,经销商,106,0.0663
2026-02-01,宋Pro,东北,商超店,38,0.0663
2026-02-01,宋Pro,东北,大客户,14,0.0663
2026-02-01,海豹06,华东,线上直营,315,0.0663
2026-02-01,海豹06,华东,经销商,526,0.0663
2026-02-01,海豹06,华东,商超店,214,0.0663
2026-02-01,海豹06,华东,大客户,76,0.0663
2026-02-01,海豹06,华南,线上直营,274,0.0663
2026-02-01,海豹06,华南,经销商,150,0.0663
2026-02-01,海豹06,华南,商超店,172,0.0663
2026-02-01,海豹06,华南,大客户,71,0.0663
2026-02-01,海豹06,华北,线上直营,219,0.0663
2026-02-01,海豹06,华北,经销商,274,0.0663
2026-02-01,海豹06,华北,商超店,135,0.0663
2026-02-01,海豹06,华北,大客户,44,0.0663
2026-02-01,海豹06,华中,线上直营,161,0.0663
2026-02-01,海豹06,华中,经销商,225,0.0663
2026-02-01,海豹06,华中,商超店,86,0.0663
2026-02-01,海豹06,华中,大客户,29,0.0663
2026-02-01,海豹06,西南,线上直营,135,0.0663
2026-02-01,海豹06,西南,经销商,179,0.0663
2026-02-01,海豹06,西南,商超店,88,0.0663
2026-02-01,海豹06,西南,大客户,35,0.0663
2026-02-01,海豹06,西北,线上直营,69,0.0663
2026-02-01,海豹06,西北,经销商,114,0.0663
2026-02-01,海豹06,西北,商超店,42,0.0663
2026-02-01,海豹06,西北,大客户,16,0.0663
2026-02-01,海豹06,东北,线上直营,66,0.0663
2026-02-01,海豹06,东北,经销商,93,0.0663
2026-02-01,海豹06,东北,商超店,42,0.0663
2026-02-01,海豹06,东北,大客户,13,0.0663
2026-02-01,元UP,华东,线上直营,410,0.0663
2026-02-01,元UP,华东,经销商,575,0.0663
2026-02-01,元UP,华东,商超店,242,0.0663
2026-02-01,元UP,华东,大客户,85,0.0663
2026-02-01,元UP,华南,线上直营,297,0.0663
2026-02-01,元UP,华南,经销商,155,0.0663
2026-02-01,元UP,华南,商超店,167,0.0663
2026-02-01,元UP,华南,大客户,73,0.0663
2026-02-01,元UP,华北,线上直营,228,0.0663
2026-02-01,元UP,华北,经销商,341,0.0663
2026-02-01,元UP,华北,商超店,146,0.0663
2026-02-01,元UP,华北,大客户,56,0.0663
2026-02-01,元UP,华中,线上直营,158,0.0663
2026-02-01,元UP,华中,经销商,251,0.0663
2026-02-01,元UP,华中,商超店,92,0.0663
2026-02-01,元UP,华中,大客户,38,0.0663
2026-02-01,元UP,西南,线上直营,142,0.0663
2026-02-01,元UP,西南,经销商,253,0.0663
2026-02-01,元UP,西南,商超店,92,0.0663
2026-02-01,元UP,西南,大客户,34,0.0663
2026-02-01,元UP,西北,线上直营,89,0.0663
2026-02-01,元UP,西北,经销商,101,0.0663
2026-02-01,元UP,西北,商超店,41,0.0663
2026-02-01,元UP,西北,大客户,20,0.0663
2026-02-01,元UP,东北,线上直营,68,0.0663
2026-02-01,元UP,东北,经销商,103,0.0663
2026-02-01,元UP,东北,商超店,36,0.0663
2026-02-01,元UP,东北,大客户,15,0.0663
2026-02-01,海狮06,华东,线上直营,404,0.0663
2026-02-01,海狮06,华东,经销商,557,0.0663
2026-02-01,海狮06,华东,商超店,212,0.0663
2026-02-01,海狮06,华东,大客户,78,0.0663
2026-02-01,海狮06,华南,线上直营,265,0.0663
2026-02-01,海狮06,华南,经销商,119,0.0663
2026-02-01,海狮06,华南,商超店,167,0.0663
2026-02-01,海狮06,华南,大客户,68,0.0663
2026-02-01,海狮06,华北,线上直营,174,0.0663
2026-02-01,海狮06,华北,经销商,283,0.0663
2026-02-01,海狮06,华北,商超店,108,0.0663
2026-02-01,海狮06,华北,大客户,42,0.0663
2026-02-01,海狮06,华中,线上直营,150,0.0663
2026-02-01,海狮06,华中,经销商,186,0.0663
2026-02-01,海狮06,华中,商超店,94,0.0663
2026-02-01,海狮06,华中,大客户,36,0.0663
2026-02-01,海狮06,西南,线上直营,134,0.0663
2026-02-01,海狮06,西南,经销商,164,0.0663
2026-02-01,海狮06,西南,商超店,75,0.0663
2026-02-01,海狮06,西南,大客户,35,0.0663
2026-02-01,海狮06,西北,线上直营,58,0.0663
2026-02-01,海狮06,西北,经销商,108,0.0663
2026-02-01,海狮06,西北,商超店,40,0.0663
2026-02-01,海狮06,西北,大客户,18,0.0663
2026-02-01,海狮06,东北,线上直营,58,0.0663
2026-02-01,海狮06,东北,经销商,96,0.0663
2026-02-01,海狮06,东北,商超店,39,0.0663
2026-02-01,海狮06,东北,大客户,16,0.0663
2026-02-01,汉,华东,线上直营,280,0.0663
2026-02-01,汉,华东,经销商,440,0.0663
2026-02-01,汉,华东,商超店,150,0.0663
2026-02-01,汉,华东,大客户,72,0.0663
2026-02-01,汉,华南,线上直营,210,0.0663
2026-02-01,汉,华南,经销商,112,0.0663
2026-02-01,汉,华南,商超店,134,0.0663
2026-02-01,汉,华南,大客户,45,0.0663
2026-02-01,汉,华北,线上直营,166,0.0663
2026-02-01,汉,华北,经销商,263,0.0663
2026-02-01,汉,华北,商超店,100,0.0663
2026-02-01,汉,华北,大客户,33,0.0663
2026-02-01,汉,华中,线上直营,121,0.0663
2026-02-01,汉,华中,经销商,194,0.0663
2026-02-01,汉,华中,商超店,62,0.0663
2026-02-01,汉,华中,大客户,26,0.0663
2026-02-01,汉,西南,线上直营,119,0.0663
2026-02-01,汉,西南,经销商,171,0.0663
2026-02-01,汉,西南,商超店,69,0.0663
2026-02-01,汉,西南,大客户,30,0.0663
2026-02-01,汉,西北,线上直营,63,0.0663
2026-02-01,汉,西北,经销商,96,0.0663
2026-02-01,汉,西北,商超店,44,0.0663
2026-02-01,汉,西北,大客户,14,0.0663
2026-02-01,汉,东北,线上直营,47,0.0663
2026-02-01,汉,东北,经销商,79,0.0663
2026-02-01,汉,东北,商超店,31,0.0663
2026-02-01,汉,东北,大客户,11,0.0663
2026-03-01,秦PLUS,华东,线上直营,2301,0.0998
2026-03-01,秦PLUS,华东,经销商,4459,0.0998
2026-03-01,秦PLUS,华东,商超店,1544,0.0998
2026-03-01,秦PLUS,华东,大客户,551,0.0998
2026-03-01,秦PLUS,华南,线上直营,2115,0.0998
2026-03-01,秦PLUS,华南,经销商,2931,0.0998
2026-03-01,秦PLUS,华南,商超店,1158,0.0998
2026-03-01,秦PLUS,华南,大客户,480,0.0998
2026-03-01,秦PLUS,华北,线上直营,1285,0.0998
2026-03-01,秦PLUS,华北,经销商,2211,0.0998
2026-03-01,秦PLUS,华北,商超店,991,0.0998
2026-03-01,秦PLUS,华北,大客户,347,0.0998
2026-03-01,秦PLUS,华中,线上直营,1042,0.0998
2026-03-01,秦PLUS,华中,经销商,1547,0.0998
2026-03-01,秦PLUS,华中,商超店,624,0.0998
2026-03-01,秦PLUS,华中,大客户,245,0.0998
2026-03-01,秦PLUS,西南,线上直营,955,0.0998
2026-03-01,秦PLUS,西南,经销商,1586,0.0998
2026-03-01,秦PLUS,西南,商超店,509,0.0998
2026-03-01,秦PLUS,西南,大客户,245,0.0998
2026-03-01,秦PLUS,西北,线上直营,521,0.0998
2026-03-01,秦PLUS,西北,经销商,830,0.0998
2026-03-01,秦PLUS,西北,商超店,293,0.0998
2026-03-01,秦PLUS,西北,大客户,138,0.0998
2026-03-01,秦PLUS,东北,线上直营,492,0.0998
2026-03-01,秦PLUS,东北,经销商,723,0.0998
2026-03-01,秦PLUS,东北,商超店,236,0.0998
2026-03-01,秦PLUS,东北,大客户,111,0.0998
2026-03-01,海豚,华东,线上直营,2014,0.0998
2026-03-01,海豚,华东,经销商,2551,0.0998
2026-03-01,海豚,华东,商超店,1168,0.0998
2026-03-01,海豚,华东,大客户,468,0.0998
2026-03-01,海豚,华南,线上直营,1601,0.0998
2026-03-01,海豚,华南,经销商,2332,0.0998
2026-03-01,海豚,华南,商超店,941,0.0998
2026-03-01,海豚,华南,大客户,399,0.0998
2026-03-01,海豚,华北,线上直营,1224,0.0998
2026-03-01,海豚,华北,经销商,1289,0.0998
2026-03-01,海豚,华北,商超店,652,0.0998
2026-03-01,海豚,华北,大客户,256,0.0998
2026-03-01,海豚,华中,线上直营,719,0.0998
2026-03-01,海豚,华中,经销商,1263,0.0998
2026-03-01,海豚,华中,商超店,551,0.0998
2026-03-01,海豚,华中,大客户,178,0.0998
2026-03-01,海豚,西南,线上直营,787,0.0998
2026-03-01,海豚,西南,经销商,1065,0.0998
2026-03-01,海豚,西南,商超店,435,0.0998
2026-03-01,海豚,西南,大客户,200,0.0998
2026-03-01,海豚,西北,线上直营,400,0.0998
2026-03-01,海豚,西北,经销商,650,0.0998
2026-03-01,海豚,西北,商超店,213,0.0998
2026-03-01,海豚,西北,大客户,112,0.0998
2026-03-01,海豚,东北,线上直营,365,0.0998
2026-03-01,海豚,东北,经销商,515,0.0998
2026-03-01,海豚,东北,商超店,218,0.0998
2026-03-01,海豚,东北,大客户,72,0.0998
2026-03-01,海鸥,华东,线上直营,1983,0.0998
2026-03-01,海鸥,华东,经销商,2647,0.0998
2026-03-01,海鸥,华东,商超店,1069,0.0998
2026-03-01,海鸥,华东,大客户,406,0.0998
2026-03-01,海鸥,华南,线上直营,1357,0.0998
2026-03-01,海鸥,华南,经销商,2254,0.0998
2026-03-01,海鸥,华南,商超店,871,0.0998
2026-03-01,海鸥,华南,大客户,349,0.0998
2026-03-01,海鸥,华北,线上直营,1034,0.0998
2026-03-01,海鸥,华北,经销商,1616,0.0998
2026-03-01,海鸥,华北,商超店,600,0.0998
2026-03-01,海鸥,华北,大客户,284,0.0998
2026-03-01,海鸥,华中,线上直营,679,0.0998
2026-03-01,海鸥,华中,经销商,1282,0.0998
2026-03-01,海鸥,华中,商超店,516,0.0998
2026-03-01,海鸥,华中,大客户,168,0.0998
2026-03-01,海鸥,西南,线上直营,838,0.0998
2026-03-01,海鸥,西南,经销商,1152,0.0998
2026-03-01,海鸥,西南,商超店,460,0.0998
2026-03-01,海鸥,西南,大客户,166,0.0998
2026-03-01,海鸥,西北,线上直营,381,0.0998
2026-03-01,海鸥,西北,经销商,572,0.0998
2026-03-01,海鸥,西北,商超店,240,0.0998
2026-03-01,海鸥,西北,大客户,100,0.0998
2026-03-01,海鸥,东北,线上直营,328,0.0998
2026-03-01,海鸥,东北,经销商,449,0.0998
2026-03-01,海鸥,东北,商超店,206,0.0998
2026-03-01,海鸥,东北,大客户,81,0.0998
2026-03-01,宋Pro,华东,线上直营,1760,0.0998
2026-03-01,宋Pro,华东,经销商,2658,0.0998
2026-03-01,宋Pro,华东,商超店,981,0.0998
2026-03-01,宋Pro,华东,大客户,361,0.0998
2026-03-01,宋Pro,华南,线上直营,1222,0.0998
2026-03-01,宋Pro,华南,经销商,1713,0.0998
2026-03-01,宋Pro,华南,商超店,803,0.0998
2026-03-01,宋Pro,华南,大客户,304,0.0998
2026-03-01,宋Pro,华北,线上直营,922,0.0998
2026-03-01,宋Pro,华北,经销商,1094,0.0998
2026-03-01,宋Pro,华北,商超店,516,0.0998
2026-03-01,宋Pro,华北,大客户,243,0.0998
2026-03-01,宋Pro,华中,线上直营,678,0.0998
2026-03-01,宋Pro,华中,经销商,1106,0.0998
2026-03-01,宋Pro,华中,商超店,382,0.0998
2026-03-01,宋Pro,华中,大客户,186,0.0998
2026-03-01,宋Pro,西南,线上直营,649,0.0998
2026-03-01,宋Pro,西南,经销商,1008,0.0998
2026-03-01,宋Pro,西南,商超店,467,0.0998
2026-03-01,宋Pro,西南,大客户,171,0.0998
2026-03-01,宋Pro,西北,线上直营,349,0.0998
2026-03-01,宋Pro,西北,经销商,512,0.0998
2026-03-01,宋Pro,西北,商超店,209,0.0998
2026-03-01,宋Pro,西北,大客户,87,0.0998
2026-03-01,宋Pro,东北,线上直营,296,0.0998
2026-03-01,宋Pro,东北,经销商,433,0.0998
2026-03-01,宋Pro,东北,商超店,200,0.0998
2026-03-01,宋Pro,东北,大客户,69,0.0998
2026-03-01,海豹06,华东,线上直营,1815,0.0998
2026-03-01,海豹06,华东,经销商,2316,0.0998
2026-03-01,海豹06,华东,商超店,1051,0.0998
2026-03-01,海豹06,华东,大客户,367,0.0998
2026-03-01,海豹06,华南,线上直营,1297,0.0998
2026-03-01,海豹06,华南,经销商,1702,0.0998
2026-03-01,海豹06,华南,商超店,673,0.0998
2026-03-01,海豹06,华南,大客户,291,0.0998
2026-03-01,海豹06,华北,线上直营,945,0.0998
2026-03-01,海豹06,华北,经销商,1318,0.0998
2026-03-01,海豹06,华北,商超店,471,0.0998
2026-03-01,海豹06,华北,大客户,182,0.0998
2026-03-01,海豹06,华中,线上直营,582,0.0998
2026-03-01,海豹06,华中,经销商,846,0.0998
2026-03-01,海豹06,华中,商超店,397,0.0998
2026-03-01,海豹06,华中,大客户,167,0.0998
2026-03-01,海豹06,西南,线上直营,601,0.0998
2026-03-01,海豹06,西南,经销商,740,0.0998
2026-03-01,海豹06,西南,商超店,355,0.0998
2026-03-01,海豹06,西南,大客户,138,0.0998
2026-03-01,海豹06,西北,线上直营,383,0.0998
2026-03-01,海豹06,西北,经销商,435,0.0998
2026-03-01,海豹06,西北,商超店,190,0.0998
2026-03-01,海豹06,西北,大客户,87,0.0998
2026-03-01,海豹06,东北,线上直营,283,0.0998
2026-03-01,海豹06,东北,经销商,429,0.0998
2026-03-01,海豹06,东北,商超店,165,0.0998
2026-03-01,海豹06,东北,大客户,65,0.0998
2026-03-01,元UP,华东,线上直营,1776,0.0998
2026-03-01,元UP,华东,经销商,2346,0.0998
2026-03-01,元UP,华东,商超店,1074,0.0998
2026-03-01,元UP,华东,大客户,347,0.0998
2026-03-01,元UP,华南,线上直营,1348,0.0998
2026-03-01,元UP,华南,经销商,1999,0.0998
2026-03-01,元UP,华南,商超店,749,0.0998
2026-03-01,元UP,华南,大客户,306,0.0998
2026-03-01,元UP,华北,线上直营,908,0.0998
2026-03-01,元UP,华北,经销商,1310,0.0998
2026-03-01,元UP,华北,商超店,557,0.0998
2026-03-01,元UP,华北,大客户,203,0.0998
2026-03-01,元UP,华中,线上直营,735,0.0998
2026-03-01,元UP,华中,经销商,976,0.0998
2026-03-01,元UP,华中,商超店,454,0.0998
2026-03-01,元UP,华中,大客户,151,0.0998
2026-03-01,元UP,西南,线上直营,627,0.0998
2026-03-01,元UP,西南,经销商,936,0.0998
2026-03-01,元UP,西南,商超店,436,0.0998
2026-03-01,元UP,西南,大客户,157,0.0998
2026-03-01,元UP,西北,线上直营,352,0.0998
2026-03-01,元UP,西北,经销商,559,0.0998
2026-03-01,元UP,西北,商超店,178,0.0998
2026-03-01,元UP,西北,大客户,83,0.0998
2026-03-01,元UP,东北,线上直营,346,0.0998
2026-03-01,元UP,东北,经销商,452,0.0998
2026-03-01,元UP,东北,商超店,180,0.0998
2026-03-01,元UP,东北,大客户,72,0.0998
2026-03-01,海狮06,华东,线上直营,1643,0.0998
2026-03-01,海狮06,华东,经销商,1932,0.0998
2026-03-01,海狮06,华东,商超店,796,0.0998
2026-03-01,海狮06,华东,大客户,363,0.0998
2026-03-01,海狮06,华南,线上直营,1135,0.0998
2026-03-01,海狮06,华南,经销商,1996,0.0998
2026-03-01,海狮06,华南,商超店,704,0.0998
2026-03-01,海狮06,华南,大客户,237,0.0998
2026-03-01,海狮06,华北,线上直营,787,0.0998
2026-03-01,海狮06,华北,经销商,1025,0.0998
2026-03-01,海狮06,华北,商超店,515,0.0998
2026-03-01,海狮06,华北,大客户,201,0.0998
2026-03-01,海狮06,华中,线上直营,634,0.0998
2026-03-01,海狮06,华中,经销商,1070,0.0998
2026-03-01,海狮06,华中,商超店,432,0.0998
2026-03-01,海狮06,华中,大客户,151,0.0998
2026-03-01,海狮06,西南,线上直营,499,0.0998
2026-03-01,海狮06,西南,经销商,948,0.0998
2026-03-01,海狮06,西南,商超店,377,0.0998
2026-03-01,海狮06,西南,大客户,144,0.0998
2026-03-01,海狮06,西北,线上直营,354,0.0998
2026-03-01,海狮06,西北,经销商,446,0.0998
2026-03-01,海狮06,西北,商超店,228,0.0998
2026-03-01,海狮06,西北,大客户,70,0.0998
2026-03-01,海狮06,东北,线上直营,290,0.0998
2026-03-01,海狮06,东北,经销商,355,0.0998
2026-03-01,海狮06,东北,商超店,152,0.0998
2026-03-01,海狮06,东北,大客户,71,0.0998
2026-03-01,汉,华东,线上直营,1228,0.0998
2026-03-01,汉,华东,经销商,2008,0.0998
2026-03-01,汉,华东,商超店,766,0.0998
2026-03-01,汉,华东,大客户,290,0.0998
2026-03-01,汉,华南,线上直营,1093,0.0998
2026-03-01,汉,华南,经销商,1450,0.0998
2026-03-01,汉,华南,商超店,507,0.0998
2026-03-01,汉,华南,大客户,215,0.0998
2026-03-01,汉,华北,线上直营,748,0.0998
2026-03-01,汉,华北,经销商,1109,0.0998
2026-03-01,汉,华北,商超店,376,0.0998
2026-03-01,汉,华北,大客户,157,0.0998
2026-03-01,汉,华中,线上直营,512,0.0998
2026-03-01,汉,华中,经销商,782,0.0998
2026-03-01,汉,华中,商超店,287,0.0998
2026-03-01,汉,华中,大客户,119,0.0998
2026-03-01,汉,西南,线上直营,464,0.0998
2026-03-01,汉,西南,经销商,784,0.0998
2026-03-01,汉,西南,商超店,314,0.0998
2026-03-01,汉,西南,大客户,113,0.0998
2026-03-01,汉,西北,线上直营,260,0.0998
2026-03-01,汉,西北,经销商,407,0.0998
2026-03-01,汉,西北,商超店,150,0.0998
2026-03-01,汉,西北,大客户,56,0.0998
2026-03-01,汉,东北,线上直营,207,0.0998
2026-03-01,汉,东北,经销商,318,0.0998
2026-03-01,汉,东北,商超店,121,0.0998
2026-03-01,汉,东北,大客户,52,0.0998
2026-04-01,秦PLUS,华东,线上直营,2394,0.1074
2026-04-01,秦PLUS,华东,经销商,2962,0.1074
2026-04-01,秦PLUS,华东,商超店,1359,0.1074
2026-04-01,秦PLUS,华东,大客户,518,0.1074
2026-04-01,秦PLUS,华南,线上直营,1825,0.1074
2026-04-01,秦PLUS,华南,经销商,2663,0.1074
2026-04-01,秦PLUS,华南,商超店,942,0.1074
2026-04-01,秦PLUS,华南,大客户,372,0.1074
2026-04-01,秦PLUS,华北,线上直营,1295,0.1074
2026-04-01,秦PLUS,华北,经销商,2098,0.1074
2026-04-01,秦PLUS,华北,商超店,638,0.1074
2026-04-01,秦PLUS,华北,大客户,309,0.1074
2026-04-01,秦PLUS,华中,线上直营,1061,0.1074
2026-04-01,秦PLUS,华中,经销商,1436,0.1074
2026-04-01,秦PLUS,华中,商超店,607,0.1074
2026-04-01,秦PLUS,华中,大客户,213,0.1074
2026-04-01,秦PLUS,西南,线上直营,880,0.1074
2026-04-01,秦PLUS,西南,经销商,1160,0.1074
2026-04-01,秦PLUS,西南,商超店,433,0.1074
2026-04-01,秦PLUS,西南,大客户,222,0.1074
2026-04-01,秦PLUS,西北,线上直营,446,0.1074
2026-04-01,秦PLUS,西北,经销商,700,0.1074
2026-04-01,秦PLUS,西北,商超店,258,0.1074
2026-04-01,秦PLUS,西北,大客户,100,0.1074
2026-04-01,秦PLUS,东北,线上直营,398,0.1074
2026-04-01,秦PLUS,东北,经销商,570,0.1074
2026-04-01,秦PLUS,东北,商超店,249,0.1074
2026-04-01,秦PLUS,东北,大客户,97,0.1074
2026-04-01,海豚,华东,线上直营,1804,0.1074
2026-04-01,海豚,华东,经销商,2689,0.1074
2026-04-01,海豚,华东,商超店,1188,0.1074
2026-04-01,海豚,华东,大客户,375,0.1074
2026-04-01,海豚,华南,线上直营,1376,0.1074
2026-04-01,海豚,华南,经销商,2261,0.1074
2026-04-01,海豚,华南,商超店,913,0.1074
2026-04-01,海豚,华南,大客户,285,0.1074
2026-04-01,海豚,华北,线上直营,980,0.1074
2026-04-01,海豚,华北,经销商,1671,0.1074
2026-04-01,海豚,华北,商超店,627,0.1074
2026-04-01,海豚,华北,大客户,238,0.1074
2026-04-01,海豚,华中,线上直营,740,0.1074
2026-04-01,海豚,华中,经销商,1096,0.1074
2026-04-01,海豚,华中,商超店,462,0.1074
2026-04-01,海豚,华中,大客户,172,0.1074
2026-04-01,海豚,西南,线上直营,688,0.1074
2026-04-01,海豚,西南,经销商,1043,0.1074
2026-04-01,海豚,西南,商超店,392,0.1074
2026-04-01,海豚,西南,大客户,168,0.1074
2026-04-01,海豚,西北,线上直营,464,0.1074
2026-04-01,海豚,西北,经销商,485,0.1074
2026-04-01,海豚,西北,商超店,232,0.1074
2026-04-01,海豚,西北,大客户,82,0.1074
2026-04-01,海豚,东北,线上直营,328,0.1074
2026-04-01,海豚,东北,经销商,473,0.1074
2026-04-01,海豚,东北,商超店,199,0.1074
2026-04-01,海豚,东北,大客户,80,0.1074
2026-04-01,海鸥,华东,线上直营,1658,0.1074
2026-04-01,海鸥,华东,经销商,2672,0.1074
2026-04-01,海鸥,华东,商超店,796,0.1074
2026-04-01,海鸥,华东,大客户,429,0.1074
2026-04-01,海鸥,华南,线上直营,1322,0.1074
2026-04-01,海鸥,华南,经销商,2091,0.1074
2026-04-01,海鸥,华南,商超店,695,0.1074
2026-04-01,海鸥,华南,大客户,279,0.1074
2026-04-01,海鸥,华北,线上直营,944,0.1074
2026-04-01,海鸥,华北,经销商,1398,0.1074
2026-04-01,海鸥,华北,商超店,572,0.1074
2026-04-01,海鸥,华北,大客户,236,0.1074
2026-04-01,海鸥,华中,线上直营,601,0.1074
2026-04-01,海鸥,华中,经销商,1132,0.1074
2026-04-01,海鸥,华中,商超店,420,0.1074
2026-04-01,海鸥,华中,大客户,160,0.1074
2026-04-01,海鸥,西南,线上直营,566,0.1074
2026-04-01,海鸥,西南,经销商,1001,0.1074
2026-04-01,海鸥,西南,商超店,310,0.1074
2026-04-01,海鸥,西南,大客户,157,0.1074
2026-04-01,海鸥,西北,线上直营,308,0.1074
2026-04-01,海鸥,西北,经销商,527,0.1074
2026-04-01,海鸥,西北,商超店,208,0.1074
2026-04-01,海鸥,西北,大客户,89,0.1074
2026-04-01,海鸥,东北,线上直营,287,0.1074
2026-04-01,海鸥,东北,经销商,413,0.1074
2026-04-01,海鸥,东北,商超店,167,0.1074
2026-04-01,海鸥,东北,大客户,75,0.1074
2026-04-01,宋Pro,华东,线上直营,1572,0.1074
2026-04-01,宋Pro,华东,经销商,2192,0.1074
2026-04-01,宋Pro,华东,商超店,887,0.1074
2026-04-01,宋Pro,华东,大客户,307,0.1074
2026-04-01,宋Pro,华南,线上直营,1221,0.1074
2026-04-01,宋Pro,华南,经销商,1527,0.1074
2026-04-01,宋Pro,华南,商超店,753,0.1074
2026-04-01,宋Pro,华南,大客户,279,0.1074
2026-04-01,宋Pro,华北,线上直营,1026,0.1074
2026-04-01,宋Pro,华北,经销商,1178,0.1074
2026-04-01,宋Pro,华北,商超店,512,0.1074
2026-04-01,宋Pro,华北,大客户,229,0.1074
2026-04-01,宋Pro,华中,线上直营,707,0.1074
2026-04-01,宋Pro,华中,经销商,915,0.1074
2026-04-01,宋Pro,华中,商超店,394,0.1074
2026-04-01,宋Pro,华中,大客户,150,0.1074
2026-04-01,宋Pro,西南,线上直营,605,0.1074
2026-04-01,宋Pro,西南,经销商,838,0.1074
2026-04-01,宋Pro,西南,商超店,352,0.1074
2026-04-01,宋Pro,西南,大客户,120,0.1074
2026-04-01,宋Pro,西北,线上直营,326,0.1074
2026-04-01,宋Pro,西北,经销商,502,0.1074
2026-04-01,宋Pro,西北,商超店,190,0.1074
2026-04-01,宋Pro,西北,大客户,65,0.1074
2026-04-01,宋Pro,东北,线上直营,290,0.1074
2026-04-01,宋Pro,东北,经销商,415,0.1074
2026-04-01,宋Pro,东北,商超店,152,0.1074
2026-04-01,宋Pro,东北,大客户,61,0.1074
2026-04-01,海豹06,华东,线上直营,1216,0.1074
2026-04-01,海豹06,华东,经销商,1903,0.1074
2026-04-01,海豹06,华东,商超店,793,0.1074
2026-04-01,海豹06,华东,大客户,354,0.1074
2026-04-01,海豹06,华南,线上直营,1030,0.1074
2026-04-01,海豹06,华南,经销商,1712,0.1074
2026-04-01,海豹06,华南,商超店,623,0.1074
2026-04-01,海豹06,华南,大客户,258,0.1074
2026-04-01,海豹06,华北,线上直营,780,0.1074
2026-04-01,海豹06,华北,经销商,1267,0.1074
2026-04-01,海豹06,华北,商超店,453,0.1074
2026-04-01,海豹06,华北,大客户,161,0.1074
2026-04-01,海豹06,华中,线上直营,526,0.1074
2026-04-01,海豹06,华中,经销商,850,0.1074
2026-04-01,海豹06,华中,商超店,319,0.1074
2026-04-01,海豹06,华中,大客户,142,0.1074
2026-04-01,海豹06,西南,线上直营,522,0.1074
2026-04-01,海豹06,西南,经销商,969,0.1074
2026-04-01,海豹06,西南,商超店,280,0.1074
2026-04-01,海豹06,西南,大客户,128,0.1074
2026-04-01,海豹06,西北,线上直营,269,0.1074
2026-04-01,海豹06,西北,经销商,426,0.1074
2026-04-01,海豹06,西北,商超店,179,0.1074
2026-04-01,海豹06,西北,大客户,56,0.1074
2026-04-01,海豹06,东北,线上直营,251,0.1074
2026-04-01,海豹06,东北,经销商,426,0.1074
2026-04-01,海豹06,东北,商超店,142,0.1074
2026-04-01,海豹06,东北,大客户,58,0.1074
2026-04-01,元UP,华东,线上直营,1631,0.1074
2026-04-01,元UP,华东,经销商,2232,0.1074
2026-04-01,元UP,华东,商超店,862,0.1074
2026-04-01,元UP,华东,大客户,287,0.1074
2026-04-01,元UP,华南,线上直营,1245,0.1074
2026-04-01,元UP,华南,经销商,1761,0.1074
2026-04-01,元UP,华南,商超店,653,0.1074
2026-04-01,元UP,华南,大客户,279,0.1074
2026-04-01,元UP,华北,线上直营,821,0.1074
2026-04-01,元UP,华北,经销商,1237,0.1074
2026-04-01,元UP,华北,商超店,542,0.1074
2026-04-01,元UP,华北,大客户,179,0.1074
2026-04-01,元UP,华中,线上直营,700,0.1074
2026-04-01,元UP,华中,经销商,861,0.1074
2026-04-01,元UP,华中,商超店,367,0.1074
2026-04-01,元UP,华中,大客户,174,0.1074
2026-04-01,元UP,西南,线上直营,645,0.1074
2026-04-01,元UP,西南,经销商,895,0.1074
2026-04-01,元UP,西南,商超店,328,0.1074
2026-04-01,元UP,西南,大客户,132,0.1074
2026-04-01,元UP,西北,线上直营,325,0.1074
2026-04-01,元UP,西北,经销商,486,0.1074
2026-04-01,元UP,西北,商超店,192,0.1074
2026-04-01,元UP,西北,大客户,75,0.1074
2026-04-01,元UP,东北,线上直营,264,0.1074
2026-04-01,元UP,东北,经销商,357,0.1074
2026-04-01,元UP,东北,商超店,154,0.1074
2026-04-01,元UP,东北,大客户,67,0.1074
2026-04-01,海狮06,华东,线上直营,1231,0.1074
2026-04-01,海狮06,华东,经销商,2042,0.1074
2026-04-01,海狮06,华东,商超店,775,0.1074
2026-04-01,海狮06,华东,大客户,325,0.1074
2026-04-01,海狮06,华南,线上直营,1052,0.1074
2026-04-01,海狮06,华南,经销商,1821,0.1074
2026-04-01,海狮06,华南,商超店,678,0.1074
2026-04-01,海狮06,华南,大客户,226,0.1074
2026-04-01,海狮06,华北,线上直营,832,0.1074
2026-04-01,海狮06,华北,经销商,1111,0.1074
2026-04-01,海狮06,华北,商超店,452,0.1074
2026-04-01,海狮06,华北,大客户,188,0.1074
2026-04-01,海狮06,华中,线上直营,569,0.1074
2026-04-01,海狮06,华中,经销商,952,0.1074
2026-04-01,海狮06,华中,商超店,333,0.1074
2026-04-01,海狮06,华中,大客户,131,0.1074
2026-04-01,海狮06,西南,线上直营,514,0.1074
2026-04-01,海狮06,西南,经销商,777,0.1074
2026-04-01,海狮06,西南,商超店,354,0.1074
2026-04-01,海狮06,西南,大客户,133,0.1074
2026-04-01,海狮06,西北,线上直营,336,0.1074
2026-04-01,海狮06,西北,经销商,524,0.1074
2026-04-01,海狮06,西北,商超店,163,0.1074
2026-04-01,海狮06,西北,大客户,69,0.1074
2026-04-01,海狮06,东北,线上直营,223,0.1074
2026-04-01,海狮06,东北,经销商,347,0.1074
2026-04-01,海狮06,东北,商超店,140,0.1074
2026-04-01,海狮06,东北,大客户,52,0.1074
2026-04-01,汉,华东,线上直营,1035,0.1074
2026-04-01,汉,华东,经销商,1676,0.1074
2026-04-01,汉,华东,商超店,612,0.1074
2026-04-01,汉,华东,大客户,281,0.1074
2026-04-01,汉,华南,线上直营,823,0.1074
2026-04-01,汉,华南,经销商,1632,0.1074
2026-04-01,汉,华南,商超店,513,0.1074
2026-04-01,汉,华南,大客户,208,0.1074
2026-04-01,汉,华北,线上直营,579,0.1074
2026-04-01,汉,华北,经销商,1101,0.1074
2026-04-01,汉,华北,商超店,422,0.1074
2026-04-01,汉,华北,大客户,154,0.1074
2026-04-01,汉,华中,线上直营,432,0.1074
2026-04-01,汉,华中,经销商,739,0.1074
2026-04-01,汉,华中,商超店,264,0.1074
2026-04-01,汉,华中,大客户,126,0.1074
2026-04-01,汉,西南,线上直营,473,0.1074
2026-04-01,汉,西南,经销商,671,0.1074
2026-04-01,汉,西南,商超店,214,0.1074
2026-04-01,汉,西南,大客户,95,0.1074
2026-04-01,汉,西北,线上直营,255,0.1074
2026-04-01,汉,西北,经销商,398,0.1074
2026-04-01,汉,西北,商超店,158,0.1074
2026-04-01,汉,西北,大客户,49,0.1074
2026-04-01,汉,东北,线上直营,206,0.1074
2026-04-01,汉,东北,经销商,327,0.1074
2026-04-01,汉,东北,商超店,105,0.1074
2026-04-01,汉,东北,大客户,47,0.1074
2026-05-01,秦PLUS,华东,线上直营,2549,0.1084
2026-05-01,秦PLUS,华东,经销商,3651,0.1084
2026-05-01,秦PLUS,华东,商超店,1274,0.1084
2026-05-01,秦PLUS,华东,大客户,566,0.1084
2026-05-01,秦PLUS,华南,线上直营,1908,0.1084
2026-05-01,秦PLUS,华南,经销商,2904,0.1084
2026-05-01,秦PLUS,华南,商超店,1122,0.1084
2026-05-01,秦PLUS,华南,大客户,441,0.1084
2026-05-01,秦PLUS,华北,线上直营,1420,0.1084
2026-05-01,秦PLUS,华北,经销商,2213,0.1084
2026-05-01,秦PLUS,华北,商超店,834,0.1084
2026-05-01,秦PLUS,华北,大客户,321,0.1084
2026-05-01,秦PLUS,华中,线上直营,1076,0.1084
2026-05-01,秦PLUS,华中,经销商,1357,0.1084
2026-05-01,秦PLUS,华中,商超店,665,0.1084
2026-05-01,秦PLUS,华中,大客户,249,0.1084
2026-05-01,秦PLUS,西南,线上直营,983,0.1084
2026-05-01,秦PLUS,西南,经销商,1582,0.1084
2026-05-01,秦PLUS,西南,商超店,496,0.1084
2026-05-01,秦PLUS,西南,大客户,192,0.1084
2026-05-01,秦PLUS,西北,线上直营,546,0.1084
2026-05-01,秦PLUS,西北,经销商,801,0.1084
2026-05-01,秦PLUS,西北,商超店,325,0.1084
2026-05-01,秦PLUS,西北,大客户,120,0.1084
2026-05-01,秦PLUS,东北,线上直营,469,0.1084
2026-05-01,秦PLUS,东北,经销商,717,0.1084
2026-05-01,秦PLUS,东北,商超店,277,0.1084
2026-05-01,秦PLUS,东北,大客户,101,0.1084
2026-05-01,海豚,华东,线上直营,1612,0.1084
2026-05-01,海豚,华东,经销商,3089,0.1084
2026-05-01,海豚,华东,商超店,1277,0.1084
2026-05-01,海豚,华东,大客户,476,0.1084
2026-05-01,海豚,华南,线上直营,1417,0.1084
2026-05-01,海豚,华南,经销商,2409,0.1084
2026-05-01,海豚,华南,商超店,977,0.1084
2026-05-01,海豚,华南,大客户,400,0.1084
2026-05-01,海豚,华北,线上直营,1030,0.1084
2026-05-01,海豚,华北,经销商,1632,0.1084
2026-05-01,海豚,华北,商超店,704,0.1084
2026-05-01,海豚,华北,大客户,259,0.1084
2026-05-01,海豚,华中,线上直营,757,0.1084
2026-05-01,海豚,华中,经销商,1288,0.1084
2026-05-01,海豚,华中,商超店,521,0.1084
2026-05-01,海豚,华中,大客户,195,0.1084
2026-05-01,海豚,西南,线上直营,775,0.1084
2026-05-01,海豚,西南,经销商,1119,0.1084
2026-05-01,海豚,西南,商超店,511,0.1084
2026-05-01,海豚,西南,大客户,165,0.1084
2026-05-01,海豚,西北,线上直营,396,0.1084
2026-05-01,海豚,西北,经销商,624,0.1084
2026-05-01,海豚,西北,商超店,266,0.1084
2026-05-01,海豚,西北,大客户,85,0.1084
2026-05-01,海豚,东北,线上直营,310,0.1084
2026-05-01,海豚,东北,经销商,434,0.1084
2026-05-01,海豚,东北,商超店,208,0.1084
2026-05-01,海豚,东北,大客户,73,0.1084
2026-05-01,海鸥,华东,线上直营,1746,0.1084
2026-05-01,海鸥,华东,经销商,2845,0.1084
2026-05-01,海鸥,华东,商超店,1025,0.1084
2026-05-01,海鸥,华东,大客户,428,0.1084
2026-05-01,海鸥,华南,线上直营,1381,0.1084
2026-05-01,海鸥,华南,经销商,2237,0.1084
2026-05-01,海鸥,华南,商超店,881,0.1084
2026-05-01,海鸥,华南,大客户,311,0.1084
2026-05-01,海鸥,华北,线上直营,1015,0.1084
2026-05-01,海鸥,华北,经销商,1673,0.1084
2026-05-01,海鸥,华北,商超店,637,0.1084
2026-05-01,海鸥,华北,大客户,213,0.1084
2026-05-01,海鸥,华中,线上直营,812,0.1084
2026-05-01,海鸥,华中,经销商,1057,0.1084
2026-05-01,海鸥,华中,商超店,515,0.1084
2026-05-01,海鸥,华中,大客户,194,0.1084
2026-05-01,海鸥,西南,线上直营,724,0.1084
2026-05-01,海鸥,西南,经销商,1074,0.1084
2026-05-01,海鸥,西南,商超店,417,0.1084
2026-05-01,海鸥,西南,大客户,174,0.1084
2026-05-01,海鸥,西北,线上直营,374,0.1084
2026-05-01,海鸥,西北,经销商,589,0.1084
2026-05-01,海鸥,西北,商超店,247,0.1084
2026-05-01,海鸥,西北,大客户,86,0.1084
2026-05-01,海鸥,东北,线上直营,305,0.1084
2026-05-01,海鸥,东北,经销商,436,0.1084
2026-05-01,海鸥,东北,商超店,176,0.1084
2026-05-01,海鸥,东北,大客户,64,0.1084
2026-05-01,宋Pro,华东,线上直营,1759,0.1084
2026-05-01,宋Pro,华东,经销商,2855,0.1084
2026-05-01,宋Pro,华东,商超店,1111,0.1084
2026-05-01,宋Pro,华东,大客户,337,0.1084
2026-05-01,宋Pro,华南,线上直营,1382,0.1084
2026-05-01,宋Pro,华南,经销商,2182,0.1084
2026-05-01,宋Pro,华南,商超店,755,0.1084
2026-05-01,宋Pro,华南,大客户,307,0.1084
2026-05-01,宋Pro,华北,线上直营,797,0.1084
2026-05-01,宋Pro,华北,经销商,1455,0.1084
2026-05-01,宋Pro,华北,商超店,521,0.1084
2026-05-01,宋Pro,华北,大客户,225,0.1084
2026-05-01,宋Pro,华中,线上直营,623,0.1084
2026-05-01,宋Pro,华中,经销商,1115,0.1084
2026-05-01,宋Pro,华中,商超店,462,0.1084
2026-05-01,宋Pro,华中,大客户,155,0.1084
2026-05-01,宋Pro,西南,线上直营,593,0.1084
2026-05-01,宋Pro,西南,经销商,810,0.1084
2026-05-01,宋Pro,西南,商超店,383,0.1084
2026-05-01,宋Pro,西南,大客户,145,0.1084
2026-05-01,宋Pro,西北,线上直营,312,0.1084
2026-05-01,宋Pro,西北,经销商,553,0.1084
2026-05-01,宋Pro,西北,商超店,206,0.1084
2026-05-01,宋Pro,西北,大客户,75,0.1084
2026-05-01,宋Pro,东北,线上直营,283,0.1084
2026-05-01,宋Pro,东北,经销商,483,0.1084
2026-05-01,宋Pro,东北,商超店,186,0.1084
2026-05-01,宋Pro,东北,大客户,68,0.1084
2026-05-01,海豹06,华东,线上直营,1599,0.1084
2026-05-01,海豹06,华东,经销商,2074,0.1084
2026-05-01,海豹06,华东,商超店,916,0.1084
2026-05-01,海豹06,华东,大客户,359,0.1084
2026-05-01,海豹06,华南,线上直营,1152,0.1084
2026-05-01,海豹06,华南,经销商,1859,0.1084
2026-05-01,海豹06,华南,商超店,673,0.1084
2026-05-01,海豹06,华南,大客户,290,0.1084
2026-05-01,海豹06,华北,线上直营,909,0.1084
2026-05-01,海豹06,华北,经销商,1001,0.1084
2026-05-01,海豹06,华北,商超店,572,0.1084
2026-05-01,海豹06,华北,大客户,153,0.1084
2026-05-01,海豹06,华中,线上直营,621,0.1084
2026-05-01,海豹06,华中,经销商,1060,0.1084
2026-05-01,海豹06,华中,商超店,382,0.1084
2026-05-01,海豹06,华中,大客户,134,0.1084
2026-05-01,海豹06,西南,线上直营,546,0.1084
2026-05-01,海豹06,西南,经销商,972,0.1084
2026-05-01,海豹06,西南,商超店,304,0.1084
2026-05-01,海豹06,西南,大客户,152,0.1084
2026-05-01,海豹06,西北,线上直营,325,0.1084
2026-05-01,海豹06,西北,经销商,443,0.1084
2026-05-01,海豹06,西北,商超店,186,0.1084
2026-05-01,海豹06,西北,大客户,70,0.1084
2026-05-01,海豹06,东北,线上直营,291,0.1084
2026-05-01,海豹06,东北,经销商,432,0.1084
2026-05-01,海豹06,东北,商超店,140,0.1084
2026-05-01,海豹06,东北,大客户,61,0.1084
2026-05-01,元UP,华东,线上直营,1548,0.1084
2026-05-01,元UP,华东,经销商,2752,0.1084
2026-05-01,元UP,华东,商超店,889,0.1084
2026-05-01,元UP,华东,大客户,437,0.1084
2026-05-01,元UP,华南,线上直营,1303,0.1084
2026-05-01,元UP,华南,经销商,1777,0.1084
2026-05-01,元UP,华南,商超店,741,0.1084
2026-05-01,元UP,华南,大客户,285,0.1084
2026-05-01,元UP,华北,线上直营,853,0.1084
2026-05-01,元UP,华北,经销商,1436,0.1084
2026-05-01,元UP,华北,商超店,514,0.1084
2026-05-01,元UP,华北,大客户,183,0.1084
2026-05-01,元UP,华中,线上直营,691,0.1084
2026-05-01,元UP,华中,经销商,914,0.1084
2026-05-01,元UP,华中,商超店,401,0.1084
2026-05-01,元UP,华中,大客户,154,0.1084
2026-05-01,元UP,西南,线上直营,607,0.1084
2026-05-01,元UP,西南,经销商,1136,0.1084
2026-05-01,元UP,西南,商超店,393,0.1084
2026-05-01,元UP,西南,大客户,155,0.1084
2026-05-01,元UP,西北,线上直营,305,0.1084
2026-05-01,元UP,西北,经销商,506,0.1084
2026-05-01,元UP,西北,商超店,217,0.1084
2026-05-01,元UP,西北,大客户,76,0.1084
2026-05-01,元UP,东北,线上直营,318,0.1084
2026-05-01,元UP,东北,经销商,402,0.1084
2026-05-01,元UP,东北,商超店,174,0.1084
2026-05-01,元UP,东北,大客户,66,0.1084
2026-05-01,海狮06,华东,线上直营,1544,0.1084
2026-05-01,海狮06,华东,经销商,2169,0.1084
2026-05-01,海狮06,华东,商超店,894,0.1084
2026-05-01,海狮06,华东,大客户,348,0.1084
2026-05-01,海狮06,华南,线上直营,1127,0.1084
2026-05-01,海狮06,华南,经销商,1866,0.1084
2026-05-01,海狮06,华南,商超店,732,0.1084
2026-05-01,海狮06,华南,大客户,277,0.1084
2026-05-01,海狮06,华北,线上直营,841,0.1084
2026-05-01,海狮06,华北,经销商,1389,0.1084
2026-05-01,海狮06,华北,商超店,512,0.1084
2026-05-01,海狮06,华北,大客户,198,0.1084
2026-05-01,海狮06,华中,线上直营,658,0.1084
2026-05-01,海狮06,华中,经销商,1112,0.1084
2026-05-01,海狮06,华中,商超店,349,0.1084
2026-05-01,海狮06,华中,大客户,161,0.1084
2026-05-01,海狮06,西南,线上直营,508,0.1084
2026-05-01,海狮06,西南,经销商,913,0.1084
2026-05-01,海狮06,西南,商超店,404,0.1084
2026-05-01,海狮06,西南,大客户,145,0.1084
2026-05-01,海狮06,西北,线上直营,331,0.1084
2026-05-01,海狮06,西北,经销商,467,0.1084
2026-05-01,海狮06,西北,商超店,196,0.1084
2026-05-01,海狮06,西北,大客户,74,0.1084
2026-05-01,海狮06,东北,线上直营,255,0.1084
2026-05-01,海狮06,东北,经销商,398,0.1084
2026-05-01,海狮06,东北,商超店,165,0.1084
2026-05-01,海狮06,东北,大客户,59,0.1084
2026-05-01,汉,华东,线上直营,1166,0.1084
2026-05-01,汉,华东,经销商,1667,0.1084
2026-05-01,汉,华东,商超店,771,0.1084
2026-05-01,汉,华东,大客户,303,0.1084
2026-05-01,汉,华南,线上直营,998,0.1084
2026-05-01,汉,华南,经销商,1583,0.1084
2026-05-01,汉,华南,商超店,592,0.1084
2026-05-01,汉,华南,大客户,235,0.1084
2026-05-01,汉,华北,线上直营,729,0.1084
2026-05-01,汉,华北,经销商,1061,0.1084
2026-05-01,汉,华北,商超店,409,0.1084
2026-05-01,汉,华北,大客户,195,0.1084
2026-05-01,汉,华中,线上直营,515,0.1084
2026-05-01,汉,华中,经销商,759,0.1084
2026-05-01,汉,华中,商超店,331,0.1084
2026-05-01,汉,华中,大客户,127,0.1084
2026-05-01,汉,西南,线上直营,434,0.1084
2026-05-01,汉,西南,经销商,800,0.1084
2026-05-01,汉,西南,商超店,291,0.1084
2026-05-01,汉,西南,大客户,104,0.1084
2026-05-01,汉,西北,线上直营,292,0.1084
2026-05-01,汉,西北,经销商,420,0.1084
2026-05-01,汉,西北,商超店,144,0.1084
2026-05-01,汉,西北,大客户,71,0.1084
2026-05-01,汉,东北,线上直营,234,0.1084
2026-05-01,汉,东北,经销商,333,0.1084
2026-05-01,汉,东北,商超店,150,0.1084
2026-05-01,汉,东北,大客户,52,0.1084
2026-06-01,秦PLUS,华东,线上直营,2676,0.1102
2026-06-01,秦PLUS,华东,经销商,3811,0.1102
2026-06-01,秦PLUS,华东,商超店,1684,0.1102
2026-06-01,秦PLUS,华东,大客户,649,0.1102
2026-06-01,秦PLUS,华南,线上直营,2110,0.1102
2026-06-01,秦PLUS,华南,经销商,2962,0.1102
2026-06-01,秦PLUS,华南,商超店,1277,0.1102
2026-06-01,秦PLUS,华南,大客户,489,0.1102
2026-06-01,秦PLUS,华北,线上直营,1369,0.1102
2026-06-01,秦PLUS,华北,经销商,2028,0.1102
2026-06-01,秦PLUS,华北,商超店,961,0.1102
2026-06-01,秦PLUS,华北,大客户,283,0.1102
2026-06-01,秦PLUS,华中,线上直营,1168,0.1102
2026-06-01,秦PLUS,华中,经销商,1658,0.1102
2026-06-01,秦PLUS,华中,商超店,762,0.1102
2026-06-01,秦PLUS,华中,大客户,257,0.1102
2026-06-01,秦PLUS,西南,线上直营,1109,0.1102
2026-06-01,秦PLUS,西南,经销商,1530,0.1102
2026-06-01,秦PLUS,西南,商超店,638,0.1102
2026-06-01,秦PLUS,西南,大客户,260,0.1102
2026-06-01,秦PLUS,西北,线上直营,553,0.1102
2026-06-01,秦PLUS,西北,经销商,931,0.1102
2026-06-01,秦PLUS,西北,商超店,317,0.1102
2026-06-01,秦PLUS,西北,大客户,137,0.1102
2026-06-01,秦PLUS,东北,线上直营,514,0.1102
2026-06-01,秦PLUS,东北,经销商,756,0.1102
2026-06-01,秦PLUS,东北,商超店,331,0.1102
2026-06-01,秦PLUS,东北,大客户,104,0.1102
2026-06-01,海豚,华东,线上直营,1856,0.1102
2026-06-01,海豚,华东,经销商,2881,0.1102
2026-06-01,海豚,华东,商超店,1318,0.1102
2026-06-01,海豚,华东,大客户,506,0.1102
2026-06-01,海豚,华南,线上直营,1652,0.1102
2026-06-01,海豚,华南,经销商,2238,0.1102
2026-06-01,海豚,华南,商超店,1044,0.1102
2026-06-01,海豚,华南,大客户,345,0.1102
2026-06-01,海豚,华北,线上直营,1302,0.1102
2026-06-01,海豚,华北,经销商,2197,0.1102
2026-06-01,海豚,华北,商超店,736,0.1102
2026-06-01,海豚,华北,大客户,291,0.1102
2026-06-01,海豚,华中,线上直营,859,0.1102
2026-06-01,海豚,华中,经销商,1147,0.1102
2026-06-01,海豚,华中,商超店,510,0.1102
2026-06-01,海豚,华中,大客户,190,0.1102
2026-06-01,海豚,西南,线上直营,724,0.1102
2026-06-01,海豚,西南,经销商,1399,0.1102
2026-06-01,海豚,西南,商超店,502,0.1102
2026-06-01,海豚,西南,大客户,197,0.1102
2026-06-01,海豚,西北,线上直营,436,0.1102
2026-06-01,海豚,西北,经销商,661,0.1102
2026-06-01,海豚,西北,商超店,288,0.1102
2026-06-01,海豚,西北,大客户,104,0.1102
2026-06-01,海豚,东北,线上直营,388,0.1102
2026-06-01,海豚,东北,经销商,550,0.1102
2026-06-01,海豚,东北,商超店,217,0.1102
2026-06-01,海豚,东北,大客户,77,0.1102
2026-06-01,海鸥,华东,线上直营,1631,0.1102
2026-06-01,海鸥,华东,经销商,2845,0.1102
2026-06-01,海鸥,华东,商超店,1167,0.1102
2026-06-01,海鸥,华东,大客户,405,0.1102
2026-06-01,海鸥,华南,线上直营,1518,0.1102
2026-06-01,海鸥,华南,经销商,2293,0.1102
2026-06-01,海鸥,华南,商超店,755,0.1102
2026-06-01,海鸥,华南,大客户,329,0.1102
2026-06-01,海鸥,华北,线上直营,1143,0.1102
2026-06-01,海鸥,华北,经销商,1712,0.1102
2026-06-01,海鸥,华北,商超店,603,0.1102
2026-06-01,海鸥,华北,大客户,261,0.1102
2026-06-01,海鸥,华中,线上直营,898,0.1102
2026-06-01,海鸥,华中,经销商,1323,0.1102
2026-06-01,海鸥,华中,商超店,494,0.1102
2026-06-01,海鸥,华中,大客户,186,0.1102
2026-06-01,海鸥,西南,线上直营,722,0.1102
2026-06-01,海鸥,西南,经销商,1184,0.1102
2026-06-01,海鸥,西南,商超店,463,0.1102
2026-06-01,海鸥,西南,大客户,186,0.1102
2026-06-01,海鸥,西北,线上直营,419,0.1102
2026-06-01,海鸥,西北,经销商,663,0.1102
2026-06-01,海鸥,西北,商超店,251,0.1102
2026-06-01,海鸥,西北,大客户,102,0.1102
2026-06-01,海鸥,东北,线上直营,370,0.1102
2026-06-01,海鸥,东北,经销商,485,0.1102
2026-06-01,海鸥,东北,商超店,177,0.1102
2026-06-01,海鸥,东北,大客户,90,0.1102
2026-06-01,宋Pro,华东,线上直营,1825,0.1102
2026-06-01,宋Pro,华东,经销商,2314,0.1102
2026-06-01,宋Pro,华东,商超店,1011,0.1102
2026-06-01,宋Pro,华东,大客户,443,0.1102
2026-06-01,宋Pro,华南,线上直营,1373,0.1102
2026-06-01,宋Pro,华南,经销商,2021,0.1102
2026-06-01,宋Pro,华南,商超店,937,0.1102
2026-06-01,宋Pro,华南,大客户,300,0.1102
2026-06-01,宋Pro,华北,线上直营,956,0.1102
2026-06-01,宋Pro,华北,经销商,1559,0.1102
2026-06-01,宋Pro,华北,商超店,632,0.1102
2026-06-01,宋Pro,华北,大客户,247,0.1102
2026-06-01,宋Pro,华中,线上直营,822,0.1102
2026-06-01,宋Pro,华中,经销商,1168,0.1102
2026-06-01,宋Pro,华中,商超店,477,0.1102
2026-06-01,宋Pro,华中,大客户,175,0.1102
2026-06-01,宋Pro,西南,线上直营,706,0.1102
2026-06-01,宋Pro,西南,经销商,1063,0.1102
2026-06-01,宋Pro,西南,商超店,428,0.1102
2026-06-01,宋Pro,西南,大客户,174,0.1102
2026-06-01,宋Pro,西北,线上直营,400,0.1102
2026-06-01,宋Pro,西北,经销商,576,0.1102
2026-06-01,宋Pro,西北,商超店,215,0.1102
2026-06-01,宋Pro,西北,大客户,89,0.1102
2026-06-01,宋Pro,东北,线上直营,318,0.1102
2026-06-01,宋Pro,东北,经销商,486,0.1102
2026-06-01,宋Pro,东北,商超店,225,0.1102
2026-06-01,宋Pro,东北,大客户,71,0.1102
2026-06-01,海豹06,华东,线上直营,677,0.1102
2026-06-01,海豹06,华东,经销商,1067,0.1102
2026-06-01,海豹06,华东,商超店,396,0.1102
2026-06-01,海豹06,华东,大客户,181,0.1102
2026-06-01,海豹06,华南,线上直营,499,0.1102
2026-06-01,海豹06,华南,经销商,792,0.1102
2026-06-01,海豹06,华南,商超店,289,0.1102
2026-06-01,海豹06,华南,大客户,116,0.1102
2026-06-01,海豹06,华北,线上直营,382,0.1102
2026-06-01,海豹06,华北,经销商,600,0.1102
2026-06-01,海豹06,华北,商超店,230,0.1102
2026-06-01,海豹06,华北,大客户,96,0.1102
2026-06-01,海豹06,华中,线上直营,278,0.1102
2026-06-01,海豹06,华中,经销商,410,0.1102
2026-06-01,海豹06,华中,商超店,205,0.1102
2026-06-01,海豹06,华中,大客户,67,0.1102
2026-06-01,海豹06,西南,线上直营,242,0.1102
2026-06-01,海豹06,西南,经销商,365,0.1102
2026-06-01,海豹06,西南,商超店,142,0.1102
2026-06-01,海豹06,西南,大客户,64,0.1102
2026-06-01,海豹06,西北,线上直营,136,0.1102
2026-06-01,海豹06,西北,经销商,212,0.1102
2026-06-01,海豹06,西北,商超店,83,0.1102
2026-06-01,海豹06,西北,大客户,34,0.1102
2026-06-01,海豹06,东北,线上直营,109,0.1102
2026-06-01,海豹06,东北,经销商,160,0.1102
2026-06-01,海豹06,东北,商超店,71,0.1102
2026-06-01,海豹06,东北,大客户,28,0.1102
2026-06-01,元UP,华东,线上直营,1836,0.1102
2026-06-01,元UP,华东,经销商,2509,0.1102
2026-06-01,元UP,华东,商超店,1131,0.1102
2026-06-01,元UP,华东,大客户,392,0.1102
2026-06-01,元UP,华南,线上直营,1346,0.1102
2026-06-01,元UP,华南,经销商,1948,0.1102
2026-06-01,元UP,华南,商超店,930,0.1102
2026-06-01,元UP,华南,大客户,344,0.1102
2026-06-01,元UP,华北,线上直营,1071,0.1102
2026-06-01,元UP,华北,经销商,1686,0.1102
2026-06-01,元UP,华北,商超店,751,0.1102
2026-06-01,元UP,华北,大客户,205,0.1102
2026-06-01,元UP,华中,线上直营,721,0.1102
2026-06-01,元UP,华中,经销商,1093,0.1102
2026-06-01,元UP,华中,商超店,428,0.1102
2026-06-01,元UP,华中,大客户,163,0.1102
2026-06-01,元UP,西南,线上直营,685,0.1102
2026-06-01,元UP,西南,经销商,951,0.1102
2026-06-01,元UP,西南,商超店,432,0.1102
2026-06-01,元UP,西南,大客户,164,0.1102
2026-06-01,元UP,西北,线上直营,398,0.1102
2026-06-01,元UP,西北,经销商,598,0.1102
2026-06-01,元UP,西北,商超店,241,0.1102
2026-06-01,元UP,西北,大客户,86,0.1102
2026-06-01,元UP,东北,线上直营,373,0.1102
2026-06-01,元UP,东北,经销商,488,0.1102
2026-06-01,元UP,东北,商超店,163,0.1102
2026-06-01,元UP,东北,大客户,68,0.1102
2026-06-01,海狮06,华东,线上直营,1411,0.1102
2026-06-01,海狮06,华东,经销商,2462,0.1102
2026-06-01,海狮06,华东,商超店,974,0.1102
2026-06-01,海狮06,华东,大客户,368,0.1102
2026-06-01,海狮06,华南,线上直营,1495,0.1102
2026-06-01,海狮06,华南,经销商,2017,0.1102
2026-06-01,海狮06,华南,商超店,817,0.1102
2026-06-01,海狮06,华南,大客户,278,0.1102
2026-06-01,海狮06,华北,线上直营,862,0.1102
2026-06-01,海狮06,华北,经销商,1409,0.1102
2026-06-01,海狮06,华北,商超店,569,0.1102
2026-06-01,海狮06,华北,大客户,186,0.1102
2026-06-01,海狮06,华中,线上直营,692,0.1102
2026-06-01,海狮06,华中,经销商,1055,0.1102
2026-06-01,海狮06,华中,商超店,414,0.1102
2026-06-01,海狮06,华中,大客户,153,0.1102
2026-06-01,海狮06,西南,线上直营,616,0.1102
2026-06-01,海狮06,西南,经销商,952,0.1102
2026-06-01,海狮06,西南,商超店,389,0.1102
2026-06-01,海狮06,西南,大客户,157,0.1102
2026-06-01,海狮06,西北,线上直营,381,0.1102
2026-06-01,海狮06,西北,经销商,514,0.1102
2026-06-01,海狮06,西北,商超店,203,0.1102
2026-06-01,海狮06,西北,大客户,84,0.1102
2026-06-01,海狮06,东北,线上直营,307,0.1102
2026-06-01,海狮06,东北,经销商,423,0.1102
2026-06-01,海狮06,东北,商超店,186,0.1102
2026-06-01,海狮06,东北,大客户,73,0.1102
2026-06-01,汉,华东,线上直营,1480,0.1102
2026-06-01,汉,华东,经销商,2298,0.1102
2026-06-01,汉,华东,商超店,749,0.1102
2026-06-01,汉,华东,大客户,313,0.1102
2026-06-01,汉,华南,线上直营,1054,0.1102
2026-06-01,汉,华南,经销商,1568,0.1102
2026-06-01,汉,华南,商超店,599,0.1102
2026-06-01,汉,华南,大客户,216,0.1102
2026-06-01,汉,华北,线上直营,772,0.1102
2026-06-01,汉,华北,经销商,1079,0.1102
2026-06-01,汉,华北,商超店,463,0.1102
2026-06-01,汉,华北,大客户,167,0.1102
2026-06-01,汉,华中,线上直营,524,0.1102
2026-06-01,汉,华中,经销商,878,0.1102
2026-06-01,汉,华中,商超店,349,0.1102
2026-06-01,汉,华中,大客户,140,0.1102
2026-06-01,汉,西南,线上直营,619,0.1102
2026-06-01,汉,西南,经销商,808,0.1102
2026-06-01,汉,西南,商超店,328,0.1102
2026-06-01,汉,西南,大客户,112,0.1102
2026-06-01,汉,西北,线上直营,257,0.1102
2026-06-01,汉,西北,经销商,485,0.1102
2026-06-01,汉,西北,商超店,159,0.1102
2026-06-01,汉,西北,大客户,61,0.1102
2026-06-01,汉,东北,线上直营,238,0.1102
2026-06-01,汉,东北,经销商,356,0.1102
2026-06-01,汉,东北,商超店,133,0.1102
2026-06-01,汉,东北,大客户,54,0.1102
2026-07-01,秦PLUS,华东,线上直营,2863,0.1176
2026-07-01,秦PLUS,华东,经销商,3658,0.1176
2026-07-01,秦PLUS,华东,商超店,1390,0.1176
2026-07-01,秦PLUS,华东,大客户,654,0.1176
2026-07-01,秦PLUS,华南,线上直营,2129,0.1176
2026-07-01,秦PLUS,华南,经销商,2920,0.1176
2026-07-01,秦PLUS,华南,商超店,1073,0.1176
2026-07-01,秦PLUS,华南,大客户,449,0.1176
2026-07-01,秦PLUS,华北,线上直营,1483,0.1176
2026-07-01,秦PLUS,华北,经销商,2443,0.1176
2026-07-01,秦PLUS,华北,商超店,819,0.1176
2026-07-01,秦PLUS,华北,大客户,345,0.1176
2026-07-01,秦PLUS,华中,线上直营,1177,0.1176
2026-07-01,秦PLUS,华中,经销商,1356,0.1176
2026-07-01,秦PLUS,华中,商超店,725,0.1176
2026-07-01,秦PLUS,华中,大客户,236,0.1176
2026-07-01,秦PLUS,西南,线上直营,1051,0.1176
2026-07-01,秦PLUS,西南,经销商,1566,0.1176
2026-07-01,秦PLUS,西南,商超店,667,0.1176
2026-07-01,秦PLUS,西南,大客户,249,0.1176
2026-07-01,秦PLUS,西北,线上直营,452,0.1176
2026-07-01,秦PLUS,西北,经销商,785,0.1176
2026-07-01,秦PLUS,西北,商超店,338,0.1176
2026-07-01,秦PLUS,西北,大客户,128,0.1176
2026-07-01,秦PLUS,东北,线上直营,483,0.1176
2026-07-01,秦PLUS,东北,经销商,742,0.1176
2026-07-01,秦PLUS,东北,商超店,292,0.1176
2026-07-01,秦PLUS,东北,大客户,106,0.1176
2026-07-01,海豚,华东,线上直营,1728,0.1176
2026-07-01,海豚,华东,经销商,2931,0.1176
2026-07-01,海豚,华东,商超店,1257,0.1176
2026-07-01,海豚,华东,大客户,431,0.1176
2026-07-01,海豚,华南,线上直营,1673,0.1176
2026-07-01,海豚,华南,经销商,2563,0.1176
2026-07-01,海豚,华南,商超店,965,0.1176
2026-07-01,海豚,华南,大客户,280,0.1176
2026-07-01,海豚,华北,线上直营,1040,0.1176
2026-07-01,海豚,华北,经销商,2000,0.1176
2026-07-01,海豚,华北,商超店,664,0.1176
2026-07-01,海豚,华北,大客户,227,0.1176
2026-07-01,海豚,华中,线上直营,955,0.1176
2026-07-01,海豚,华中,经销商,1305,0.1176
2026-07-01,海豚,华中,商超店,567,0.1176
2026-07-01,海豚,华中,大客户,207,0.1176
2026-07-01,海豚,西南,线上直营,825,0.1176
2026-07-01,海豚,西南,经销商,1229,0.1176
2026-07-01,海豚,西南,商超店,504,0.1176
2026-07-01,海豚,西南,大客户,219,0.1176
2026-07-01,海豚,西北,线上直营,468,0.1176
2026-07-01,海豚,西北,经销商,569,0.1176
2026-07-01,海豚,西北,商超店,270,0.1176
2026-07-01,海豚,西北,大客户,110,0.1176
2026-07-01,海豚,东北,线上直营,396,0.1176
2026-07-01,海豚,东北,经销商,524,0.1176
2026-07-01,海豚,东北,商超店,237,0.1176
2026-07-01,海豚,东北,大客户,90,0.1176
2026-07-01,海鸥,华东,线上直营,2270,0.1176
2026-07-01,海鸥,华东,经销商,2655,0.1176
2026-07-01,海鸥,华东,商超店,1084,0.1176
2026-07-01,海鸥,华东,大客户,428,0.1176
2026-07-01,海鸥,华南,线上直营,1421,0.1176
2026-07-01,海鸥,华南,经销商,2061,0.1176
2026-07-01,海鸥,华南,商超店,691,0.1176
2026-07-01,海鸥,华南,大客户,333,0.1176
2026-07-01,海鸥,华北,线上直营,1107,0.1176
2026-07-01,海鸥,华北,经销商,1550,0.1176
2026-07-01,海鸥,华北,商超店,745,0.1176
2026-07-01,海鸥,华北,大客户,251,0.1176
2026-07-01,海鸥,华中,线上直营,890,0.1176
2026-07-01,海鸥,华中,经销商,1235,0.1176
2026-07-01,海鸥,华中,商超店,516,0.1176
2026-07-01,海鸥,华中,大客户,192,0.1176
2026-07-01,海鸥,西南,线上直营,820,0.1176
2026-07-01,海鸥,西南,经销商,1114,0.1176
2026-07-01,海鸥,西南,商超店,461,0.1176
2026-07-01,海鸥,西南,大客户,177,0.1176
2026-07-01,海鸥,西北,线上直营,394,0.1176
2026-07-01,海鸥,西北,经销商,624,0.1176
2026-07-01,海鸥,西北,商超店,285,0.1176
2026-07-01,海鸥,西北,大客户,92,0.1176
2026-07-01,海鸥,东北,线上直营,347,0.1176
2026-07-01,海鸥,东北,经销商,555,0.1176
2026-07-01,海鸥,东北,商超店,220,0.1176
2026-07-01,海鸥,东北,大客户,78,0.1176
2026-07-01,宋Pro,华东,线上直营,1406,0.1176
2026-07-01,宋Pro,华东,经销商,2715,0.1176
2026-07-01,宋Pro,华东,商超店,857,0.1176
2026-07-01,宋Pro,华东,大客户,453,0.1176
2026-07-01,宋Pro,华南,线上直营,1384,0.1176
2026-07-01,宋Pro,华南,经销商,2212,0.1176
2026-07-01,宋Pro,华南,商超店,760,0.1176
2026-07-01,宋Pro,华南,大客户,279,0.1176
2026-07-01,宋Pro,华北,线上直营,1014,0.1176
2026-07-01,宋Pro,华北,经销商,1485,0.1176
2026-07-01,宋Pro,华北,商超店,572,0.1176
2026-07-01,宋Pro,华北,大客户,233,0.1176
2026-07-01,宋Pro,华中,线上直营,909,0.1176
2026-07-01,宋Pro,华中,经销商,1192,0.1176
2026-07-01,宋Pro,华中,商超店,484,0.1176
2026-07-01,宋Pro,华中,大客户,185,0.1176
2026-07-01,宋Pro,西南,线上直营,763,0.1176
2026-07-01,宋Pro,西南,经销商,1008,0.1176
2026-07-01,宋Pro,西南,商超店,342,0.1176
2026-07-01,宋Pro,西南,大客户,156,0.1176
2026-07-01,宋Pro,西北,线上直营,396,0.1176
2026-07-01,宋Pro,西北,经销商,515,0.1176
2026-07-01,宋Pro,西北,商超店,220,0.1176
2026-07-01,宋Pro,西北,大客户,82,0.1176
2026-07-01,宋Pro,东北,线上直营,347,0.1176
2026-07-01,宋Pro,东北,经销商,493,0.1176
2026-07-01,宋Pro,东北,商超店,195,0.1176
2026-07-01,宋Pro,东北,大客户,76,0.1176
2026-07-01,海豹06,华东,线上直营,1588,0.1176
2026-07-01,海豹06,华东,经销商,2427,0.1176
2026-07-01,海豹06,华东,商超店,865,0.1176
2026-07-01,海豹06,华东,大客户,306,0.1176
2026-07-01,海豹06,华南,线上直营,1267,0.1176
2026-07-01,海豹06,华南,经销商,1926,0.1176
2026-07-01,海豹06,华南,商超店,823,0.1176
2026-07-01,海豹06,华南,大客户,328,0.1176
2026-07-01,海豹06,华北,线上直营,1024,0.1176
2026-07-01,海豹06,华北,经销商,1256,0.1176
2026-07-01,海豹06,华北,商超店,530,0.1176
2026-07-01,海豹06,华北,大客户,220,0.1176
2026-07-01,海豹06,华中,线上直营,821,0.1176
2026-07-01,海豹06,华中,经销商,1145,0.1176
2026-07-01,海豹06,华中,商超店,446,0.1176
2026-07-01,海豹06,华中,大客户,154,0.1176
2026-07-01,海豹06,西南,线上直营,581,0.1176
2026-07-01,海豹06,西南,经销商,998,0.1176
2026-07-01,海豹06,西南,商超店,342,0.1176
2026-07-01,海豹06,西南,大客户,143,0.1176
2026-07-01,海豹06,西北,线上直营,338,0.1176
2026-07-01,海豹06,西北,经销商,577,0.1176
2026-07-01,海豹06,西北,商超店,199,0.1176
2026-07-01,海豹06,西北,大客户,64,0.1176
2026-07-01,海豹06,东北,线上直营,296,0.1176
2026-07-01,海豹06,东北,经销商,402,0.1176
2026-07-01,海豹06,东北,商超店,171,0.1176
2026-07-01,海豹06,东北,大客户,65,0.1176
2026-07-01,元UP,华东,线上直营,1700,0.1176
2026-07-01,元UP,华东,经销商,2772,0.1176
2026-07-01,元UP,华东,商超店,915,0.1176
2026-07-01,元UP,华东,大客户,388,0.1176
2026-07-01,元UP,华南,线上直营,1440,0.1176
2026-07-01,元UP,华南,经销商,1948,0.1176
2026-07-01,元UP,华南,商超店,714,0.1176
2026-07-01,元UP,华南,大客户,335,0.1176
2026-07-01,元UP,华北,线上直营,1082,0.1176
2026-07-01,元UP,华北,经销商,1484,0.1176
2026-07-01,元UP,华北,商超店,502,0.1176
2026-07-01,元UP,华北,大客户,244,0.1176
2026-07-01,元UP,华中,线上直营,646,0.1176
2026-07-01,元UP,华中,经销商,1145,0.1176
2026-07-01,元UP,华中,商超店,415,0.1176
2026-07-01,元UP,华中,大客户,157,0.1176
2026-07-01,元UP,西南,线上直营,658,0.1176
2026-07-01,元UP,西南,经销商,1009,0.1176
2026-07-01,元UP,西南,商超店,388,0.1176
2026-07-01,元UP,西南,大客户,166,0.1176
2026-07-01,元UP,西北,线上直营,359,0.1176
2026-07-01,元UP,西北,经销商,602,0.1176
2026-07-01,元UP,西北,商超店,228,0.1176
2026-07-01,元UP,西北,大客户,82,0.1176
2026-07-01,元UP,东北,线上直营,288,0.1176
2026-07-01,元UP,东北,经销商,404,0.1176
2026-07-01,元UP,东北,商超店,190,0.1176
2026-07-01,元UP,东北,大客户,70,0.1176
2026-07-01,海狮06,华东,线上直营,1291,0.1176
2026-07-01,海狮06,华东,经销商,2287,0.1176
2026-07-01,海狮06,华东,商超店,887,0.1176
2026-07-01,海狮06,华东,大客户,418,0.1176
2026-07-01,海狮06,华南,线上直营,1081,0.1176
2026-07-01,海狮06,华南,经销商,1661,0.1176
2026-07-01,海狮06,华南,商超店,817,0.1176
2026-07-01,海狮06,华南,大客户,323,0.1176
2026-07-01,海狮06,华北,线上直营,856,0.1176
2026-07-01,海狮06,华北,经销商,1296,0.1176
2026-07-01,海狮06,华北,商超店,573,0.1176
2026-07-01,海狮06,华北,大客户,172,0.1176
2026-07-01,海狮06,华中,线上直营,581,0.1176
2026-07-01,海狮06,华中,经销商,1001,0.1176
2026-07-01,海狮06,华中,商超店,460,0.1176
2026-07-01,海狮06,华中,大客户,153,0.1176
2026-07-01,海狮06,西南,线上直营,631,0.1176
2026-07-01,海狮06,西南,经销商,1024,0.1176
2026-07-01,海狮06,西南,商超店,438,0.1176
2026-07-01,海狮06,西南,大客户,139,0.1176
2026-07-01,海狮06,西北,线上直营,340,0.1176
2026-07-01,海狮06,西北,经销商,586,0.1176
2026-07-01,海狮06,西北,商超店,179,0.1176
2026-07-01,海狮06,西北,大客户,86,0.1176
2026-07-01,海狮06,东北,线上直营,261,0.1176
2026-07-01,海狮06,东北,经销商,430,0.1176
2026-07-01,海狮06,东北,商超店,167,0.1176
2026-07-01,海狮06,东北,大客户,61,0.1176
2026-07-01,汉,华东,线上直营,1201,0.1176
2026-07-01,汉,华东,经销商,1998,0.1176
2026-07-01,汉,华东,商超店,844,0.1176
2026-07-01,汉,华东,大客户,301,0.1176
2026-07-01,汉,华南,线上直营,1030,0.1176
2026-07-01,汉,华南,经销商,1606,0.1176
2026-07-01,汉,华南,商超店,566,0.1176
2026-07-01,汉,华南,大客户,253,0.1176
2026-07-01,汉,华北,线上直营,793,0.1176
2026-07-01,汉,华北,经销商,1350,0.1176
2026-07-01,汉,华北,商超店,433,0.1176
2026-07-01,汉,华北,大客户,167,0.1176
2026-07-01,汉,华中,线上直营,593,0.1176
2026-07-01,汉,华中,经销商,893,0.1176
2026-07-01,汉,华中,商超店,320,0.1176
2026-07-01,汉,华中,大客户,126,0.1176
2026-07-01,汉,西南,线上直营,534,0.1176
2026-07-01,汉,西南,经销商,717,0.1176
2026-07-01,汉,西南,商超店,297,0.1176
2026-07-01,汉,西南,大客户,120,0.1176
2026-07-01,汉,西北,线上直营,301,0.1176
2026-07-01,汉,西北,经销商,398,0.1176
2026-07-01,汉,西北,商超店,142,0.1176
2026-07-01,汉,西北,大客户,55,0.1176
2026-07-01,汉,东北,线上直营,209,0.1176
2026-07-01,汉,东北,经销商,312,0.1176
2026-07-01,汉,东北,商超店,137,0.1176
2026-07-01,汉,东北,大客户,49,0.1176
2026-08-01,秦PLUS,华东,线上直营,2622,0.1188
2026-08-01,秦PLUS,华东,经销商,3910,0.1188
2026-08-01,秦PLUS,华东,商超店,1608,0.1188
2026-08-01,秦PLUS,华东,大客户,717,0.1188
2026-08-01,秦PLUS,华南,线上直营,2299,0.1188
2026-08-01,秦PLUS,华南,经销商,3279,0.1188
2026-08-01,秦PLUS,华南,商超店,1261,0.1188
2026-08-01,秦PLUS,华南,大客户,491,0.1188
2026-08-01,秦PLUS,华北,线上直营,1629,0.1188
2026-08-01,秦PLUS,华北,经销商,2493,0.1188
2026-08-01,秦PLUS,华北,商超店,883,0.1188
2026-08-01,秦PLUS,华北,大客户,371,0.1188
2026-08-01,秦PLUS,华中,线上直营,997,0.1188
2026-08-01,秦PLUS,华中,经销商,1816,0.1188
2026-08-01,秦PLUS,华中,商超店,758,0.1188
2026-08-01,秦PLUS,华中,大客户,271,0.1188
2026-08-01,秦PLUS,西南,线上直营,1250,0.1188
2026-08-01,秦PLUS,西南,经销商,1522,0.1188
2026-08-01,秦PLUS,西南,商超店,666,0.1188
2026-08-01,秦PLUS,西南,大客户,254,0.1188
2026-08-01,秦PLUS,西北,线上直营,590,0.1188
2026-08-01,秦PLUS,西北,经销商,885,0.1188
2026-08-01,秦PLUS,西北,商超店,360,0.1188
2026-08-01,秦PLUS,西北,大客户,148,0.1188
2026-08-01,秦PLUS,东北,线上直营,550,0.1188
2026-08-01,秦PLUS,东北,经销商,744,0.1188
2026-08-01,秦PLUS,东北,商超店,317,0.1188
2026-08-01,秦PLUS,东北,大客户,109,0.1188
2026-08-01,海豚,华东,线上直营,2293,0.1188
2026-08-01,海豚,华东,经销商,3044,0.1188
2026-08-01,海豚,华东,商超店,1409,0.1188
2026-08-01,海豚,华东,大客户,593,0.1188
2026-08-01,海豚,华南,线上直营,1681,0.1188
2026-08-01,海豚,华南,经销商,2100,0.1188
2026-08-01,海豚,华南,商超店,974,0.1188
2026-08-01,海豚,华南,大客户,435,0.1188
2026-08-01,海豚,华北,线上直营,1289,0.1188
2026-08-01,海豚,华北,经销商,1889,0.1188
2026-08-01,海豚,华北,商超店,800,0.1188
2026-08-01,海豚,华北,大客户,299,0.1188
2026-08-01,海豚,华中,线上直营,1016,0.1188
2026-08-01,海豚,华中,经销商,1491,0.1188
2026-08-01,海豚,华中,商超店,623,0.1188
2026-08-01,海豚,华中,大客户,222,0.1188
2026-08-01,海豚,西南,线上直营,910,0.1188
2026-08-01,海豚,西南,经销商,1242,0.1188
2026-08-01,海豚,西南,商超店,484,0.1188
2026-08-01,海豚,西南,大客户,225,0.1188
2026-08-01,海豚,西北,线上直营,471,0.1188
2026-08-01,海豚,西北,经销商,739,0.1188
2026-08-01,海豚,西北,商超店,280,0.1188
2026-08-01,海豚,西北,大客户,102,0.1188
2026-08-01,海豚,东北,线上直营,386,0.1188
2026-08-01,海豚,东北,经销商,645,0.1188
2026-08-01,海豚,东北,商超店,241,0.1188
2026-08-01,海豚,东北,大客户,77,0.1188
2026-08-01,海鸥,华东,线上直营,1972,0.1188
2026-08-01,海鸥,华东,经销商,3439,0.1188
2026-08-01,海鸥,华东,商超店,1183,0.1188
2026-08-01,海鸥,华东,大客户,400,0.1188
2026-08-01,海鸥,华南,线上直营,1815,0.1188
2026-08-01,海鸥,华南,经销商,2494,0.1188
2026-08-01,海鸥,华南,商超店,940,0.1188
2026-08-01,海鸥,华南,大客户,357,0.1188
2026-08-01,海鸥,华北,线上直营,1246,0.1188
2026-08-01,海鸥,华北,经销商,1645,0.1188
2026-08-01,海鸥,华北,商超店,751,0.1188
2026-08-01,海鸥,华北,大客户,279,0.1188
2026-08-01,海鸥,华中,线上直营,876,0.1188
2026-08-01,海鸥,华中,经销商,1305,0.1188
2026-08-01,海鸥,华中,商超店,508,0.1188
2026-08-01,海鸥,华中,大客户,217,0.1188
2026-08-01,海鸥,西南,线上直营,733,0.1188
2026-08-01,海鸥,西南,经销商,1029,0.1188
2026-08-01,海鸥,西南,商超店,496,0.1188
2026-08-01,海鸥,西南,大客户,193,0.1188
2026-08-01,海鸥,西北,线上直营,446,0.1188
2026-08-01,海鸥,西北,经销商,666,0.1188
2026-08-01,海鸥,西北,商超店,251,0.1188
2026-08-01,海鸥,西北,大客户,106,0.1188
2026-08-01,海鸥,东北,线上直营,357,0.1188
2026-08-01,海鸥,东北,经销商,516,0.1188
2026-08-01,海鸥,东北,商超店,209,0.1188
2026-08-01,海鸥,东北,大客户,97,0.1188
2026-08-01,宋Pro,华东,线上直营,1595,0.1188
2026-08-01,宋Pro,华东,经销商,2889,0.1188
2026-08-01,宋Pro,华东,商超店,962,0.1188
2026-08-01,宋Pro,华东,大客户,428,0.1188
2026-08-01,宋Pro,华南,线上直营,1405,0.1188
2026-08-01,宋Pro,华南,经销商,1819,0.1188
2026-08-01,宋Pro,华南,商超店,900,0.1188
2026-08-01,宋Pro,华南,大客户,329,0.1188
2026-08-01,宋Pro,华北,线上直营,880,0.1188
2026-08-01,宋Pro,华北,经销商,1694,0.1188
2026-08-01,宋Pro,华北,商超店,708,0.1188
2026-08-01,宋Pro,华北,大客户,276,0.1188
2026-08-01,宋Pro,华中,线上直营,816,0.1188
2026-08-01,宋Pro,华中,经销商,1195,0.1188
2026-08-01,宋Pro,华中,商超店,526,0.1188
2026-08-01,宋Pro,华中,大客户,210,0.1188
2026-08-01,宋Pro,西南,线上直营,793,0.1188
2026-08-01,宋Pro,西南,经销商,1009,0.1188
2026-08-01,宋Pro,西南,商超店,443,0.1188
2026-08-01,宋Pro,西南,大客户,175,0.1188
2026-08-01,宋Pro,西北,线上直营,339,0.1188
2026-08-01,宋Pro,西北,经销商,617,0.1188
2026-08-01,宋Pro,西北,商超店,281,0.1188
2026-08-01,宋Pro,西北,大客户,97,0.1188
2026-08-01,宋Pro,东北,线上直营,369,0.1188
2026-08-01,宋Pro,东北,经销商,503,0.1188
2026-08-01,宋Pro,东北,商超店,197,0.1188
2026-08-01,宋Pro,东北,大客户,79,0.1188
2026-08-01,海豹06,华东,线上直营,1587,0.1188
2026-08-01,海豹06,华东,经销商,2350,0.1188
2026-08-01,海豹06,华东,商超店,1122,0.1188
2026-08-01,海豹06,华东,大客户,439,0.1188
2026-08-01,海豹06,华南,线上直营,1228,0.1188
2026-08-01,海豹06,华南,经销商,2156,0.1188
2026-08-01,海豹06,华南,商超店,795,0.1188
2026-08-01,海豹06,华南,大客户,319,0.1188
2026-08-01,海豹06,华北,线上直营,1006,0.1188
2026-08-01,海豹06,华北,经销商,1571,0.1188
2026-08-01,海豹06,华北,商超店,586,0.1188
2026-08-01,海豹06,华北,大客户,251,0.1188
2026-08-01,海豹06,华中,线上直营,745,0.1188
2026-08-01,海豹06,华中,经销商,1146,0.1188
2026-08-01,海豹06,华中,商超店,407,0.1188
2026-08-01,海豹06,华中,大客户,199,0.1188
2026-08-01,海豹06,西南,线上直营,692,0.1188
2026-08-01,海豹06,西南,经销商,1057,0.1188
2026-08-01,海豹06,西南,商超店,348,0.1188
2026-08-01,海豹06,西南,大客户,145,0.1188
2026-08-01,海豹06,西北,线上直营,399,0.1188
2026-08-01,海豹06,西北,经销商,558,0.1188
2026-08-01,海豹06,西北,商超店,184,0.1188
2026-08-01,海豹06,西北,大客户,91,0.1188
2026-08-01,海豹06,东北,线上直营,290,0.1188
2026-08-01,海豹06,东北,经销商,506,0.1188
2026-08-01,海豹06,东北,商超店,180,0.1188
2026-08-01,海豹06,东北,大客户,71,0.1188
2026-08-01,元UP,华东,线上直营,2027,0.1188
2026-08-01,元UP,华东,经销商,2579,0.1188
2026-08-01,元UP,华东,商超店,1023,0.1188
2026-08-01,元UP,华东,大客户,425,0.1188
2026-08-01,元UP,华南,线上直营,1551,0.1188
2026-08-01,元UP,华南,经销商,1950,0.1188
2026-08-01,元UP,华南,商超店,756,0.1188
2026-08-01,元UP,华南,大客户,362,0.1188
2026-08-01,元UP,华北,线上直营,1007,0.1188
2026-08-01,元UP,华北,经销商,1538,0.1188
2026-08-01,元UP,华北,商超店,540,0.1188
2026-08-01,元UP,华北,大客户,233,0.1188
2026-08-01,元UP,华中,线上直营,793,0.1188
2026-08-01,元UP,华中,经销商,1279,0.1188
2026-08-01,元UP,华中,商超店,446,0.1188
2026-08-01,元UP,华中,大客户,209,0.1188
2026-08-01,元UP,西南,线上直营,687,0.1188
2026-08-01,元UP,西南,经销商,1032,0.1188
2026-08-01,元UP,西南,商超店,490,0.1188
2026-08-01,元UP,西南,大客户,172,0.1188
2026-08-01,元UP,西北,线上直营,379,0.1188
2026-08-01,元UP,西北,经销商,588,0.1188
2026-08-01,元UP,西北,商超店,263,0.1188
2026-08-01,元UP,西北,大客户,103,0.1188
2026-08-01,元UP,东北,线上直营,309,0.1188
2026-08-01,元UP,东北,经销商,494,0.1188
2026-08-01,元UP,东北,商超店,199,0.1188
2026-08-01,元UP,东北,大客户,71,0.1188
2026-08-01,海狮06,华东,线上直营,1690,0.1188
2026-08-01,海狮06,华东,经销商,2548,0.1188
2026-08-01,海狮06,华东,商超店,1111,0.1188
2026-08-01,海狮06,华东,大客户,434,0.1188
2026-08-01,海狮06,华南,线上直营,1299,0.1188
2026-08-01,海狮06,华南,经销商,1967,0.1188
2026-08-01,海狮06,华南,商超店,843,0.1188
2026-08-01,海狮06,华南,大客户,296,0.1188
2026-08-01,海狮06,华北,线上直营,1016,0.1188
2026-08-01,海狮06,华北,经销商,1445,0.1188
2026-08-01,海狮06,华北,商超店,537,0.1188
2026-08-01,海狮06,华北,大客户,209,0.1188
2026-08-01,海狮06,华中,线上直营,812,0.1188
2026-08-01,海狮06,华中,经销商,1078,0.1188
2026-08-01,海狮06,华中,商超店,493,0.1188
2026-08-01,海狮06,华中,大客户,162,0.1188
2026-08-01,海狮06,西南,线上直营,682,0.1188
2026-08-01,海狮06,西南,经销商,1192,0.1188
2026-08-01,海狮06,西南,商超店,366,0.1188
2026-08-01,海狮06,西南,大客户,132,0.1188
2026-08-01,海狮06,西北,线上直营,401,0.1188
2026-08-01,海狮06,西北,经销商,509,0.1188
2026-08-01,海狮06,西北,商超店,217,0.1188
2026-08-01,海狮06,西北,大客户,80,0.1188
2026-08-01,海狮06,东北,线上直营,309,0.1188
2026-08-01,海狮06,东北,经销商,420,0.1188
2026-08-01,海狮06,东北,商超店,179,0.1188
2026-08-01,海狮06,东北,大客户,73,0.1188
2026-08-01,汉,华东,线上直营,1277,0.1188
2026-08-01,汉,华东,经销商,1967,0.1188
2026-08-01,汉,华东,商超店,810,0.1188
2026-08-01,汉,华东,大客户,287,0.1188
2026-08-01,汉,华南,线上直营,1054,0.1188
2026-08-01,汉,华南,经销商,1653,0.1188
2026-08-01,汉,华南,商超店,634,0.1188
2026-08-01,汉,华南,大客户,249,0.1188
2026-08-01,汉,华北,线上直营,792,0.1188
2026-08-01,汉,华北,经销商,1128,0.1188
2026-08-01,汉,华北,商超店,502,0.1188
2026-08-01,汉,华北,大客户,206,0.1188
2026-08-01,汉,华中,线上直营,573,0.1188
2026-08-01,汉,华中,经销商,927,0.1188
2026-08-01,汉,华中,商超店,350,0.1188
2026-08-01,汉,华中,大客户,143,0.1188
2026-08-01,汉,西南,线上直营,614,0.1188
2026-08-01,汉,西南,经销商,852,0.1188
2026-08-01,汉,西南,商超店,281,0.1188
2026-08-01,汉,西南,大客户,131,0.1188
2026-08-01,汉,西北,线上直营,327,0.1188
2026-08-01,汉,西北,经销商,438,0.1188
2026-08-01,汉,西北,商超店,192,0.1188
2026-08-01,汉,西北,大客户,65,0.1188
2026-08-01,汉,东北,线上直营,218,0.1188
2026-08-01,汉,东北,经销商,376,0.1188
2026-08-01,汉,东北,商超店,127,0.1188
2026-08-01,汉,东北,大客户,56,0.1188
