month,sales,brand,market_share
2025-09-01,71525,特斯拉,0.1231554660192503
2025-10-01,26006,特斯拉,0.04477848373710763
2025-11-01,73145,特斯拉,0.12594486629819032
2025-12-01,93843,特斯拉,0.16158375949170928
2026-01-01,18485,特斯拉,0.031828434664324945
2026-02-01,38206,特斯拉,0.06578507843035969
2026-03-01,56107,特斯拉,0.096607951512647
2026-04-01,25956,特斯拉,0.04469239113590578
2026-05-01,47281,特斯拉,0.08141088554849596
2026-06-01,52920,特斯拉,0.09112040911204092
2026-07-01,27249,特斯拉,0.04691874580298569
2026-08-01,50047,特斯拉,0.08617352824698245
